const unsigned char export_spr16_bin[] = {
	// img 0 (16x16)
	0x00, 0x00, 0x00, 0x01, 0x00, 0x00, 0x00, 0x00,
	0x00, 0x00, 0x00, 0x01, 0x00, 0x00, 0x00, 0x00,
	0x00, 0x00, 0x00, 0x01, 0x00, 0x00, 0x00, 0x00,
	0x00, 0x00, 0x00, 0x01, 0x00, 0x00, 0x00, 0x00,
	0x00, 0x00, 0x00, 0x01, 0x00, 0x00, 0x00, 0x00,
	0x00, 0x00, 0x00, 0x00, 0x00, 0x00, 0x00, 0x00,
	0x00, 0x00, 0x00, 0x00, 0x00, 0x00, 0x00, 0x00,
	0x11, 0x11, 0x10, 0x00, 0x00, 0x11, 0x11, 0x10,
	0x00, 0x00, 0x00, 0x00, 0x00, 0x00, 0x00, 0x00,
	0x00, 0x00, 0x00, 0x00, 0x00, 0x00, 0x00, 0x00,
	0x00, 0x00, 0x00, 0x01, 0x00, 0x00, 0x00, 0x00,
	0x00, 0x00, 0x00, 0x01, 0x00, 0x00, 0x00, 0x00,
	0x00, 0x00, 0x00, 0x01, 0x00, 0x00, 0x00, 0x00,
	0x00, 0x00, 0x00, 0x01, 0x00, 0x00, 0x00, 0x00,
	0x00, 0x00, 0x00, 0x01, 0x00, 0x00, 0x00, 0x00,
	0x00, 0x00, 0x00, 0x00, 0x00, 0x00, 0x00, 0x00,
	// img 1 (16x16)
	0x00, 0x00, 0x00, 0x00, 0x00, 0x00, 0x00, 0x00,
	0x00, 0x00, 0x00, 0x00, 0x00, 0x00, 0x00, 0x00,
	0x00, 0x00, 0x00, 0x00, 0x00, 0x00, 0x00, 0x00,
	0x00, 0x0f, 0xff, 0xff, 0xff, 0xff, 0xf0, 0x00,
	0x00, 0x0f, 0x00, 0x00, 0x00, 0x00, 0xf0, 0x00,
	0x00, 0x0f, 0x00, 0x00, 0x00, 0x00, 0xf0, 0x00,
	0x00, 0x0f, 0x00, 0x00, 0x00, 0x00, 0xf0, 0x00,
	0x00, 0x0f, 0x00, 0x00, 0x00, 0x00, 0xf0, 0x00,
	0x00, 0x0f, 0x00, 0x00, 0x00, 0x00, 0xf0, 0x00,
	0x00, 0x0f, 0x00, 0x00, 0x00, 0x00, 0xf0, 0x00,
	0x00, 0x0f, 0x00, 0x00, 0x00, 0x00, 0xf0, 0x00,
	0x00, 0x0f, 0x00, 0x00, 0x00, 0x00, 0xf0, 0x00,
	0x00, 0x0f, 0xff, 0xff, 0xff, 0xff, 0xf0, 0x00,
	0x00, 0x00, 0x00, 0x00, 0x00, 0x00, 0x00, 0x00,
	0x00, 0x00, 0x00, 0x00, 0x00, 0x00, 0x00, 0x00,
	0x00, 0x00, 0x00, 0x00, 0x00, 0x00, 0x00, 0x00,
	// img 2 (16x16)
	0x00, 0x00, 0x00, 0x00, 0x00, 0x00, 0x00, 0x00,
	0x00, 0x00, 0x00, 0x00, 0x00, 0x00, 0x00, 0x00,
	0x00, 0xff, 0xff, 0xff, 0xff, 0xff, 0xff, 0x00,
	0x00, 0xf0, 0x00, 0x00, 0x00, 0x00, 0x0f, 0x00,
	0x00, 0xf0, 0x00, 0x00, 0x00, 0x00, 0x0f, 0x00,
	0x00, 0xf0, 0x00, 0x00, 0x00, 0x00, 0x0f, 0x00,
	0x00, 0xf0, 0x00, 0x00, 0x00, 0x00, 0x0f, 0x00,
	0x00, 0xf0, 0x00, 0x00, 0x00, 0x00, 0x0f, 0x00,
	0x00, 0xf0, 0x00, 0x00, 0x00, 0x00, 0x0f, 0x00,
	0x00, 0xf0, 0x00, 0x00, 0x00, 0x00, 0x0f, 0x00,
	0x00, 0xf0, 0x00, 0x00, 0x00, 0x00, 0x0f, 0x00,
	0x00, 0xf0, 0x00, 0x00, 0x00, 0x00, 0x0f, 0x00,
	0x00, 0xf0, 0x00, 0x00, 0x00, 0x00, 0x0f, 0x00,
	0x00, 0xff, 0xff, 0xff, 0xff, 0xff, 0xff, 0x00,
	0x00, 0x00, 0x00, 0x00, 0x00, 0x00, 0x00, 0x00,
	0x00, 0x00, 0x00, 0x00, 0x00, 0x00, 0x00, 0x00,
	// img 3 (16x16)
	0xff, 0xff, 0xff, 0xff, 0xff, 0xff, 0xff, 0xff,
	0xf0, 0x00, 0x00, 0x00, 0x00, 0x00, 0x00, 0x0f,
	0xf0, 0x99, 0x99, 0x99, 0x99, 0x99, 0x99, 0x0f,
	0xf0, 0x9a, 0xaa, 0xaa, 0xaa, 0xaa, 0xa9, 0x0f,
	0xf0, 0x9a, 0x00, 0x00, 0x00, 0x00, 0xa9, 0x0f,
	0xf0, 0x9a, 0x00, 0x00, 0x00, 0x00, 0xa9, 0x0f,
	0xf0, 0x9a, 0x00, 0x00, 0x00, 0x00, 0xa9, 0x0f,
	0xf0, 0x9a, 0x00, 0x00, 0x00, 0x00, 0xa9, 0x0f,
	0xf0, 0x9a, 0x00, 0x00, 0x00, 0x00, 0xa9, 0x0f,
	0xf0, 0x9a, 0x00, 0x00, 0x00, 0x00, 0xa9, 0x0f,
	0xf0, 0x9a, 0x00, 0x00, 0x00, 0x00, 0xa9, 0x0f,
	0xf0, 0x9a, 0x00, 0x00, 0x00, 0x00, 0xa9, 0x0f,
	0xf0, 0x9a, 0xaa, 0xaa, 0xaa, 0xaa, 0xa9, 0x0f,
	0xf0, 0x99, 0x99, 0x99, 0x99, 0x99, 0x99, 0x0f,
	0xf0, 0x00, 0x00, 0x00, 0x00, 0x00, 0x00, 0x0f,
	0xff, 0xff, 0xff, 0xff, 0xff, 0xff, 0xff, 0xff,
	// img 4 (16x16)
	0x00, 0x00, 0x00, 0x00, 0x00, 0x00, 0x00, 0x00,
	0x00, 0x00, 0x00, 0x00, 0x00, 0x00, 0x00, 0x00,
	0x00, 0x00, 0x00, 0x00, 0x00, 0x00, 0x00, 0x00,
	0x00, 0x00, 0x00, 0x00, 0x00, 0x00, 0x00, 0x00,
	0x00, 0x00, 0x00, 0x00, 0x00, 0x00, 0x00, 0x00,
	0x00, 0x00, 0x00, 0x00, 0x00, 0x00, 0x00, 0x00,
	0x00, 0x00, 0x00, 0x00, 0x00, 0x00, 0x00, 0x00,
	0x00, 0x00, 0x00, 0x00, 0x00, 0x00, 0x00, 0x00,
	0x00, 0x00, 0x00, 0x00, 0x00, 0x00, 0x00, 0x00,
	0x00, 0x00, 0x00, 0x00, 0x00, 0x00, 0x00, 0x00,
	0x00, 0x00, 0x00, 0x00, 0x00, 0x00, 0x00, 0x00,
	0x00, 0x00, 0x00, 0x00, 0x00, 0x00, 0x00, 0x00,
	0x00, 0x00, 0x00, 0x00, 0x00, 0x00, 0x00, 0x00,
	0x00, 0x00, 0x00, 0x00, 0x00, 0x00, 0x00, 0x00,
	0x00, 0x00, 0x00, 0x00, 0x00, 0x00, 0x00, 0x00,
	0x00, 0x00, 0x00, 0x00, 0x00, 0x00, 0x00, 0x00,
	// img 5 (16x16)
	0x00, 0x00, 0x00, 0x00, 0x00, 0x00, 0x00, 0x00,
	0x00, 0x00, 0x00, 0x00, 0x00, 0x00, 0x00, 0x00,
	0x00, 0x00, 0x00, 0x00, 0x00, 0x00, 0x00, 0x00,
	0x00, 0x00, 0x00, 0x00, 0x00, 0x00, 0x00, 0x00,
	0x00, 0x00, 0x00, 0x00, 0x00, 0x00, 0x00, 0x00,
	0x00, 0x00, 0x00, 0x00, 0x00, 0x00, 0x00, 0x00,
	0x00, 0x00, 0x00, 0x00, 0x00, 0x00, 0x00, 0x00,
	0x00, 0x00, 0x00, 0x00, 0x00, 0x00, 0x00, 0x00,
	0x00, 0x00, 0x00, 0x00, 0x00, 0x00, 0x00, 0x00,
	0x00, 0x00, 0x00, 0x00, 0x00, 0x00, 0x00, 0x00,
	0x00, 0x00, 0x00, 0x00, 0x00, 0x00, 0x00, 0x00,
	0x00, 0x00, 0x00, 0x00, 0x00, 0x00, 0x00, 0x00,
	0x00, 0x00, 0x00, 0x00, 0x00, 0x00, 0x00, 0x00,
	0x00, 0x00, 0x00, 0x00, 0x00, 0x00, 0x00, 0x00,
	0x00, 0x00, 0x00, 0x00, 0x00, 0x00, 0x00, 0x00,
	0x00, 0x00, 0x00, 0x00, 0x00, 0x00, 0x00, 0x00,
	// img 6 (16x16)
	0x00, 0x00, 0x00, 0x00, 0x00, 0x00, 0x00, 0x00,
	0x00, 0x00, 0x00, 0x00, 0x00, 0x00, 0x00, 0x00,
	0x00, 0x00, 0x00, 0x00, 0x00, 0x00, 0x00, 0x00,
	0x00, 0x00, 0x00, 0x00, 0x00, 0x00, 0x00, 0x00,
	0x00, 0x00, 0x00, 0x00, 0x00, 0x00, 0x00, 0x00,
	0x00, 0x00, 0x00, 0x00, 0x00, 0x00, 0x00, 0x00,
	0x00, 0x00, 0x00, 0x00, 0x00, 0x00, 0x00, 0x00,
	0x00, 0x00, 0x00, 0x00, 0x00, 0x00, 0x00, 0x00,
	0x00, 0x00, 0x00, 0x00, 0x00, 0x00, 0x00, 0x00,
	0x00, 0x00, 0x00, 0x00, 0x00, 0x00, 0x00, 0x00,
	0x00, 0x00, 0x00, 0x00, 0x00, 0x00, 0x00, 0x00,
	0x00, 0x00, 0x00, 0x00, 0x00, 0x00, 0x00, 0x00,
	0x00, 0x00, 0x00, 0x00, 0x00, 0x00, 0x00, 0x00,
	0x00, 0x00, 0x00, 0x00, 0x00, 0x00, 0x00, 0x00,
	0x00, 0x00, 0x00, 0x00, 0x00, 0x00, 0x00, 0x00,
	0x00, 0x00, 0x00, 0x00, 0x00, 0x00, 0x00, 0x00,
	// img 7 (16x16)
	0x00, 0x00, 0x00, 0x00, 0x00, 0x00, 0x00, 0x00,
	0x00, 0x00, 0x00, 0x00, 0x00, 0x00, 0x00, 0x00,
	0x00, 0x00, 0x00, 0x00, 0x00, 0x00, 0x00, 0x00,
	0x00, 0x00, 0x00, 0x00, 0x00, 0x00, 0x00, 0x00,
	0x00, 0x00, 0x00, 0x00, 0x00, 0x00, 0x00, 0x00,
	0x00, 0x00, 0x00, 0x00, 0x00, 0x00, 0x00, 0x00,
	0x00, 0x00, 0x00, 0x00, 0x00, 0x00, 0x00, 0x00,
	0x00, 0x00, 0x00, 0x00, 0x00, 0x00, 0x00, 0x00,
	0x00, 0x00, 0x00, 0x00, 0x00, 0x00, 0x00, 0x00,
	0x00, 0x00, 0x00, 0x00, 0x00, 0x00, 0x00, 0x00,
	0x00, 0x00, 0x00, 0x00, 0x00, 0x00, 0x00, 0x00,
	0x00, 0x00, 0x00, 0x00, 0x00, 0x00, 0x00, 0x00,
	0x00, 0x00, 0x00, 0x00, 0x00, 0x00, 0x00, 0x00,
	0x00, 0x00, 0x00, 0x00, 0x00, 0x00, 0x00, 0x00,
	0x00, 0x00, 0x00, 0x00, 0x00, 0x00, 0x00, 0x00,
	0x00, 0x00, 0x00, 0x00, 0x00, 0x00, 0x00, 0x00,
	// img 8 (16x16)
	0x00, 0x00, 0x01, 0x11, 0x11, 0x00, 0x00, 0x00,
	0x00, 0x01, 0x10, 0x00, 0x00, 0x11, 0x00, 0x00,
	0x00, 0x10, 0x00, 0x00, 0x00, 0x00, 0x10, 0x00,
	0x01, 0x00, 0x00, 0x00, 0x00, 0x00, 0x01, 0x00,
	0x01, 0x00, 0x0f, 0xf0, 0xff, 0x00, 0x01, 0x00,
	0x10, 0x00, 0xff, 0xff, 0xff, 0xf0, 0x00, 0x10,
	0x10, 0x00, 0xff, 0xff, 0xff, 0xf0, 0x00, 0x10,
	0x10, 0x00, 0xff, 0xff, 0xff, 0xf0, 0x00, 0x10,
	0x10, 0x00, 0x0f, 0xff, 0xff, 0x00, 0x00, 0x10,
	0x10, 0x00, 0x00, 0xff, 0xf0, 0x00, 0x00, 0x10,
	0x01, 0x00, 0x00, 0x0f, 0x00, 0x00, 0x01, 0x00,
	0x01, 0x00, 0x00, 0x00, 0x00, 0x00, 0x01, 0x00,
	0x00, 0x10, 0x00, 0x00, 0x00, 0x00, 0x10, 0x00,
	0x00, 0x01, 0x10, 0x00, 0x00, 0x11, 0x00, 0x00,
	0x00, 0x00, 0x01, 0x11, 0x11, 0x00, 0x00, 0x00,
	0x00, 0x00, 0x00, 0x00, 0x00, 0x00, 0x00, 0x00,
	// img 9 (16x16)
	0x00, 0x00, 0x01, 0x11, 0x11, 0x00, 0x00, 0x00,
	0x00, 0x01, 0x10, 0x00, 0x00, 0x11, 0x00, 0x00,
	0x00, 0x10, 0x00, 0x00, 0x0f, 0x00, 0x10, 0x00,
	0x01, 0x00, 0x00, 0x00, 0xf0, 0x00, 0x01, 0x00,
	0x01, 0x00, 0x00, 0x0f, 0xf0, 0x00, 0x01, 0x00,
	0x10, 0x00, 0x00, 0xff, 0x00, 0x00, 0x00, 0x10,
	0x10, 0x00, 0x0f, 0xff, 0x00, 0x00, 0x00, 0x10,
	0x10, 0x00, 0xff, 0xff, 0xff, 0xf0, 0x00, 0x10,
	0x10, 0x00, 0x00, 0x0f, 0xff, 0x00, 0x00, 0x10,
	0x10, 0x00, 0x00, 0x0f, 0xf0, 0x00, 0x00, 0x10,
	0x01, 0x00, 0x00, 0xff, 0x00, 0x00, 0x01, 0x00,
	0x01, 0x00, 0x00, 0xf0, 0x00, 0x00, 0x01, 0x00,
	0x00, 0x10, 0x0f, 0x00, 0x00, 0x00, 0x10, 0x00,
	0x00, 0x01, 0x10, 0x00, 0x00, 0x11, 0x00, 0x00,
	0x00, 0x00, 0x01, 0x11, 0x11, 0x00, 0x00, 0x00,
	0x00, 0x00, 0x00, 0x00, 0x00, 0x00, 0x00, 0x00,
	// img 10 (16x16)
	0x00, 0x00, 0x01, 0x11, 0x11, 0x00, 0x00, 0x00,
	0x00, 0x01, 0x10, 0x00, 0x00, 0x11, 0x00, 0x00,
	0x00, 0x10, 0x00, 0x00, 0x00, 0x00, 0x10, 0x00,
	0x01, 0x00, 0x00, 0x00, 0x00, 0x00, 0x01, 0x00,
	0x01, 0x00, 0x00, 0x00, 0x00, 0x00, 0x01, 0x00,
	0x10, 0x00, 0xff, 0xff, 0xff, 0xf0, 0x00, 0x10,
	0x10, 0x00, 0x00, 0x00, 0x00, 0x00, 0x00, 0x10,
	0x10, 0x00, 0x00, 0x00, 0x00, 0x00, 0x00, 0x10,
	0x10, 0x00, 0x00, 0x00, 0x00, 0x00, 0x00, 0x10,
	0x10, 0x00, 0xff, 0xff, 0xff, 0xf0, 0x00, 0x10,
	0x01, 0x00, 0x00, 0x00, 0x00, 0x00, 0x01, 0x00,
	0x01, 0x00, 0x00, 0x00, 0x00, 0x00, 0x01, 0x00,
	0x00, 0x10, 0x00, 0x00, 0x00, 0x00, 0x10, 0x00,
	0x00, 0x01, 0x10, 0x00, 0x00, 0x11, 0x00, 0x00,
	0x00, 0x00, 0x01, 0x11, 0x11, 0x00, 0x00, 0x00,
	0x00, 0x00, 0x00, 0x00, 0x00, 0x00, 0x00, 0x00,
	// img 11 (16x16)
	0x00, 0x00, 0x01, 0x11, 0x11, 0x00, 0x00, 0x00,
	0x00, 0x01, 0x10, 0x00, 0x00, 0x11, 0x00, 0x00,
	0x00, 0x10, 0x00, 0x00, 0x00, 0x00, 0x10, 0x00,
	0x01, 0x00, 0x00, 0x00, 0xff, 0x00, 0x01, 0x00,
	0x01, 0x00, 0x00, 0xff, 0x00, 0x00, 0x01, 0x00,
	0x10, 0x00, 0xff, 0x00, 0x00, 0x00, 0x00, 0x10,
	0x10, 0x00, 0x00, 0x00, 0x00, 0x00, 0x00, 0x10,
	0x10, 0x00, 0xff, 0xff, 0xff, 0x00, 0x00, 0x10,
	0x10, 0x00, 0x00, 0x00, 0x00, 0x00, 0x00, 0x10,
	0x10, 0x00, 0xff, 0x00, 0x00, 0x00, 0x00, 0x10,
	0x01, 0x00, 0x00, 0xff, 0x00, 0x00, 0x01, 0x00,
	0x01, 0x00, 0x00, 0x00, 0xff, 0x00, 0x01, 0x00,
	0x00, 0x10, 0x00, 0x00, 0x00, 0x00, 0x10, 0x00,
	0x00, 0x01, 0x10, 0x00, 0x00, 0x11, 0x00, 0x00,
	0x00, 0x00, 0x01, 0x11, 0x11, 0x00, 0x00, 0x00,
	0x00, 0x00, 0x00, 0x00, 0x00, 0x00, 0x00, 0x00,
	// img 12 (16x16)
	0x00, 0x00, 0x00, 0x00, 0x00, 0x00, 0x00, 0x00,
	0x00, 0x00, 0x00, 0x00, 0x00, 0x00, 0x00, 0x00,
	0x00, 0x00, 0x00, 0x00, 0x00, 0x00, 0x00, 0x00,
	0x00, 0x00, 0xbb, 0xbb, 0xbb, 0xbb, 0x00, 0x00,
	0x00, 0x0b, 0xbd, 0xdd, 0xdd, 0xdb, 0xb0, 0x00,
	0x00, 0x0b, 0xbb, 0xbb, 0xbb, 0xbb, 0xb0, 0x00,
	0x00, 0x0b, 0xbb, 0xbb, 0xbb, 0xbb, 0xb0, 0x00,
	0xaa, 0xaa, 0xaa, 0xaa, 0xaa, 0xaa, 0xaa, 0xaa,
	0x99, 0x99, 0x99, 0x99, 0x99, 0x99, 0x99, 0x99,
	0xaa, 0xaa, 0xaa, 0xaa, 0xaa, 0xaa, 0xaa, 0xaa,
	0x00, 0x0b, 0xbb, 0xbb, 0xbb, 0xbb, 0xb0, 0x00,
	0x00, 0x0b, 0xbb, 0xbb, 0xbb, 0xbb, 0xb0, 0x00,
	0x00, 0x0b, 0xbd, 0xdd, 0xdd, 0xdb, 0xb0, 0x00,
	0x00, 0x00, 0xbb, 0xbb, 0xbb, 0xbb, 0x00, 0x00,
	0x00, 0x00, 0x00, 0x00, 0x00, 0x00, 0x00, 0x00,
	0x00, 0x00, 0x00, 0x00, 0x00, 0x00, 0x00, 0x00,
	// img 13 (16x16)
	0x00, 0x00, 0x00, 0x00, 0x00, 0x00, 0x00, 0x00,
	0x00, 0x00, 0x00, 0x00, 0x00, 0x00, 0x00, 0x00,
	0x00, 0x00, 0xbb, 0xbb, 0xbb, 0xbb, 0x00, 0x00,
	0x00, 0x0b, 0xbf, 0xff, 0xff, 0xfb, 0xb0, 0x00,
	0x00, 0x0b, 0xbb, 0xbb, 0xbb, 0xbb, 0xb0, 0x00,
	0x00, 0x0b, 0xbb, 0xbb, 0xbb, 0xbb, 0xb0, 0x00,
	0x00, 0x00, 0x00, 0x00, 0x00, 0x00, 0x00, 0x00,
	0x88, 0x88, 0x88, 0x88, 0x88, 0x88, 0x88, 0x88,
	0x11, 0x11, 0x11, 0x11, 0x11, 0x11, 0x11, 0x11,
	0x88, 0x88, 0x88, 0x88, 0x88, 0x88, 0x88, 0x88,
	0x00, 0x00, 0x00, 0x00, 0x00, 0x00, 0x00, 0x00,
	0x00, 0x0b, 0xbb, 0xbb, 0xbb, 0xbb, 0xb0, 0x00,
	0x00, 0x0b, 0xbb, 0xbb, 0xbb, 0xbb, 0xb0, 0x00,
	0x00, 0x0b, 0xbf, 0xff, 0xff, 0xfb, 0xb0, 0x00,
	0x00, 0x00, 0xbb, 0xbb, 0xbb, 0xbb, 0x00, 0x00,
	0x00, 0x00, 0x00, 0x00, 0x00, 0x00, 0x00, 0x00,
	// img 14 (16x16)
	0x00, 0x00, 0x00, 0x0a, 0x9a, 0x00, 0x00, 0x00,
	0x00, 0x00, 0x00, 0x0a, 0x9a, 0x00, 0x00, 0x00,
	0x00, 0x00, 0x00, 0x0a, 0x9a, 0x00, 0x00, 0x00,
	0x00, 0x00, 0xbb, 0xba, 0x9a, 0xbb, 0xb0, 0x00,
	0x00, 0x0b, 0xbb, 0xba, 0x9a, 0xbb, 0xbb, 0x00,
	0x00, 0x0b, 0xdb, 0xba, 0x9a, 0xbb, 0xdb, 0x00,
	0x00, 0x0b, 0xdb, 0xba, 0x9a, 0xbb, 0xdb, 0x00,
	0x00, 0x0b, 0xdb, 0xba, 0x9a, 0xbb, 0xdb, 0x00,
	0x00, 0x0b, 0xdb, 0xba, 0x9a, 0xbb, 0xdb, 0x00,
	0x00, 0x0b, 0xdb, 0xba, 0x9a, 0xbb, 0xdb, 0x00,
	0x00, 0x0b, 0xdb, 0xba, 0x9a, 0xbb, 0xdb, 0x00,
	0x00, 0x0b, 0xbb, 0xba, 0x9a, 0xbb, 0xbb, 0x00,
	0x00, 0x00, 0xbb, 0xba, 0x9a, 0xbb, 0xb0, 0x00,
	0x00, 0x00, 0x00, 0x0a, 0x9a, 0x00, 0x00, 0x00,
	0x00, 0x00, 0x00, 0x0a, 0x9a, 0x00, 0x00, 0x00,
	0x00, 0x00, 0x00, 0x0a, 0x9a, 0x00, 0x00, 0x00,
	// img 15 (16x16)
	0x00, 0x00, 0x00, 0x08, 0x18, 0x00, 0x00, 0x00,
	0x00, 0x00, 0x00, 0x08, 0x18, 0x00, 0x00, 0x00,
	0x00, 0x00, 0x00, 0x08, 0x18, 0x00, 0x00, 0x00,
	0x00, 0x0b, 0xbb, 0x08, 0x18, 0x0b, 0xbb, 0x00,
	0x00, 0xbb, 0xbb, 0x08, 0x18, 0x0b, 0xbb, 0xb0,
	0x00, 0xbf, 0xbb, 0x08, 0x18, 0x0b, 0xbf, 0xb0,
	0x00, 0xbf, 0xbb, 0x08, 0x18, 0x0b, 0xbf, 0xb0,
	0x00, 0xbf, 0xbb, 0x08, 0x18, 0x0b, 0xbf, 0xb0,
	0x00, 0xbf, 0xbb, 0x08, 0x18, 0x0b, 0xbf, 0xb0,
	0x00, 0xbf, 0xbb, 0x08, 0x18, 0x0b, 0xbf, 0xb0,
	0x00, 0xbf, 0xbb, 0x08, 0x18, 0x0b, 0xbf, 0xb0,
	0x00, 0xbb, 0xbb, 0x08, 0x18, 0x0b, 0xbb, 0xb0,
	0x00, 0x0b, 0xbb, 0x08, 0x18, 0x0b, 0xbb, 0x00,
	0x00, 0x00, 0x00, 0x08, 0x18, 0x00, 0x00, 0x00,
	0x00, 0x00, 0x00, 0x08, 0x18, 0x00, 0x00, 0x00,
	0x00, 0x00, 0x00, 0x08, 0x18, 0x00, 0x00, 0x00,
	// img 16 (16x16)
	0x00, 0x00, 0x00, 0x00, 0x00, 0x00, 0x00, 0x00,
	0x00, 0x00, 0x00, 0x00, 0x00, 0x00, 0x00, 0x00,
	0x00, 0x50, 0x00, 0x00, 0x00, 0x00, 0x00, 0x50,
	0x00, 0x05, 0x40, 0x00, 0x00, 0x00, 0x45, 0x00,
	0x00, 0x04, 0x54, 0x40, 0x00, 0x44, 0x54, 0x00,
	0x00, 0x00, 0x45, 0x44, 0x04, 0x45, 0x40, 0x00,
	0x00, 0x00, 0x04, 0x54, 0x44, 0x54, 0x40, 0x00,
	0x00, 0x00, 0x04, 0x40, 0x00, 0x44, 0x00, 0x00,
	0x00, 0x00, 0x00, 0x40, 0x00, 0x40, 0x00, 0x00,
	0x00, 0x00, 0x04, 0x40, 0x00, 0x44, 0x00, 0x00,
	0x00, 0x00, 0x44, 0x54, 0x44, 0x54, 0x40, 0x00,
	0x00, 0x00, 0x45, 0x44, 0x04, 0x45, 0x40, 0x00,
	0x00, 0x04, 0x54, 0x40, 0x00, 0x44, 0x54, 0x00,
	0x00, 0x05, 0x40, 0x00, 0x00, 0x00, 0x45, 0x00,
	0x00, 0x50, 0x00, 0x00, 0x00, 0x00, 0x00, 0x50,
	0x00, 0x00, 0x00, 0x00, 0x00, 0x00, 0x00, 0x00,
	// img 17 (16x16)
	0x00, 0x00, 0x00, 0x00, 0x00, 0x00, 0x00, 0x00,
	0x00, 0x00, 0x05, 0x00, 0x00, 0x00, 0x00, 0x00,
	0x00, 0x00, 0x05, 0x40, 0x00, 0x00, 0x00, 0x00,
	0x00, 0x00, 0x04, 0x54, 0x00, 0x00, 0x00, 0x00,
	0x00, 0x00, 0x04, 0x54, 0x40, 0x00, 0x00, 0x00,
	0x00, 0x00, 0x04, 0x45, 0x40, 0x04, 0x44, 0x55,
	0x00, 0x00, 0x04, 0x45, 0x44, 0x44, 0x55, 0x40,
	0x00, 0x00, 0x00, 0x40, 0x00, 0x55, 0x44, 0x00,
	0x00, 0x00, 0x04, 0x40, 0x00, 0x44, 0x40, 0x00,
	0x00, 0x04, 0x45, 0x50, 0x00, 0x40, 0x00, 0x00,
	0x00, 0x45, 0x54, 0x44, 0x45, 0x40, 0x00, 0x00,
	0x05, 0x54, 0x44, 0x00, 0x45, 0x44, 0x00, 0x00,
	0x00, 0x00, 0x00, 0x00, 0x44, 0x54, 0x00, 0x00,
	0x00, 0x00, 0x00, 0x00, 0x04, 0x54, 0x00, 0x00,
	0x00, 0x00, 0x00, 0x00, 0x00, 0x45, 0x00, 0x00,
	0x00, 0x00, 0x00, 0x00, 0x00, 0x05, 0x00, 0x00,
	// img 18 (16x16)
	0x00, 0x00, 0x00, 0x00, 0x00, 0x00, 0x00, 0x00,
	0x00, 0x00, 0x00, 0x00, 0x50, 0x00, 0x00, 0x00,
	0x00, 0x00, 0x00, 0x04, 0x54, 0x00, 0x00, 0x00,
	0x00, 0x00, 0x00, 0x04, 0x54, 0x00, 0x00, 0x00,
	0x00, 0x00, 0x00, 0x44, 0x54, 0x40, 0x00, 0x00,
	0x00, 0x00, 0x00, 0x44, 0x54, 0x40, 0x00, 0x00,
	0x00, 0x00, 0x44, 0x44, 0x54, 0x44, 0x40, 0x00,
	0x00, 0x44, 0x44, 0x4f, 0xff, 0x44, 0x44, 0x40,
	0x05, 0x55, 0x55, 0x5f, 0xff, 0x55, 0x55, 0x55,
	0x00, 0x44, 0x44, 0x4f, 0xff, 0x44, 0x44, 0x40,
	0x00, 0x00, 0x44, 0x44, 0x54, 0x44, 0x40, 0x00,
	0x00, 0x00, 0x00, 0x44, 0x54, 0x40, 0x00, 0x00,
	0x00, 0x00, 0x00, 0x44, 0x54, 0x40, 0x00, 0x00,
	0x00, 0x00, 0x00, 0x04, 0x54, 0x00, 0x00, 0x00,
	0x00, 0x00, 0x00, 0x04, 0x54, 0x00, 0x00, 0x00,
	0x00, 0x00, 0x00, 0x00, 0x50, 0x00, 0x00, 0x00,
	// img 19 (16x16)
	0x00, 0x00, 0x00, 0x00, 0x00, 0x00, 0x00, 0x00,
	0x00, 0x00, 0x00, 0x00, 0x00, 0x05, 0x00, 0x00,
	0x00, 0x00, 0x00, 0x00, 0x00, 0x45, 0x00, 0x00,
	0x00, 0x00, 0x00, 0x00, 0x04, 0x54, 0x00, 0x00,
	0x00, 0x00, 0x00, 0x00, 0x44, 0x54, 0x00, 0x00,
	0x05, 0x54, 0x44, 0x00, 0x45, 0x44, 0x00, 0x00,
	0x00, 0x45, 0x54, 0x44, 0x45, 0x44, 0x00, 0x00,
	0x00, 0x04, 0x45, 0x5f, 0xff, 0x40, 0x00, 0x00,
	0x00, 0x00, 0x44, 0x4f, 0xff, 0x44, 0x00, 0x00,
	0x00, 0x00, 0x00, 0x4f, 0xff, 0x55, 0x44, 0x00,
	0x00, 0x00, 0x00, 0x45, 0x44, 0x44, 0x55, 0x40,
	0x00, 0x00, 0x04, 0x45, 0x40, 0x04, 0x44, 0x55,
	0x00, 0x00, 0x04, 0x54, 0x40, 0x00, 0x00, 0x00,
	0x00, 0x00, 0x04, 0x54, 0x00, 0x00, 0x00, 0x00,
	0x00, 0x00, 0x05, 0x40, 0x00, 0x00, 0x00, 0x00,
	0x00, 0x00, 0x05, 0x00, 0x00, 0x00, 0x00, 0x00,
	// img 20 (16x16)
	0x00, 0x00, 0x00, 0x00, 0x00, 0x00, 0x00, 0x00,
	0x00, 0x00, 0x0b, 0xbb, 0xbb, 0xbb, 0x00, 0x00,
	0x00, 0x00, 0xbb, 0xbb, 0xbb, 0xbb, 0xbb, 0x00,
	0x00, 0x0b, 0xbb, 0xbb, 0xcc, 0xcb, 0xbb, 0xb0,
	0x00, 0x0b, 0xbb, 0xcc, 0xcc, 0xcc, 0xbb, 0xbb,
	0x00, 0xbb, 0xbc, 0xdd, 0xdc, 0xcc, 0xcb, 0xbb,
	0x0b, 0xbb, 0xcd, 0xdd, 0xdd, 0xcc, 0xcb, 0xbb,
	0x0b, 0xbb, 0xcd, 0xdd, 0xdd, 0xcc, 0xcb, 0xbb,
	0x0b, 0xbb, 0xcd, 0xdd, 0xdd, 0xcc, 0xbb, 0xb0,
	0x00, 0xbb, 0xcc, 0xdd, 0xdc, 0xcb, 0xbb, 0x00,
	0x0b, 0xbb, 0xcc, 0xcc, 0xcc, 0xcb, 0xbb, 0x00,
	0x0b, 0xbb, 0xbc, 0xcc, 0xcc, 0xbb, 0xbb, 0x00,
	0x0b, 0xbb, 0xbb, 0xcc, 0xcb, 0xbb, 0xbb, 0x00,
	0x00, 0xbb, 0xbb, 0xbb, 0xbb, 0xbb, 0xbb, 0x00,
	0x00, 0x0b, 0xbb, 0xbb, 0xbb, 0xbb, 0xb0, 0x00,
	0x00, 0x00, 0x00, 0xbb, 0xbb, 0xbb, 0x00, 0x00,
	// img 21 (16x16)
	0x00, 0x00, 0x00, 0x00, 0x00, 0x00, 0x00, 0x00,
	0x00, 0x00, 0x0b, 0xbb, 0xb0, 0x00, 0x00, 0x00,
	0x00, 0x00, 0xbb, 0xbb, 0xbb, 0x00, 0x00, 0x00,
	0x00, 0x0b, 0xbb, 0xbb, 0xbb, 0xb0, 0x00, 0x00,
	0x00, 0xbb, 0xbb, 0xcc, 0xcb, 0xbb, 0x00, 0x00,
	0x00, 0xbb, 0xbc, 0xcc, 0xcc, 0xbb, 0xbb, 0x00,
	0x00, 0xbb, 0xcc, 0xdd, 0xdc, 0xcb, 0xbb, 0xb0,
	0x0b, 0xbb, 0xcd, 0xdd, 0xdd, 0xcc, 0xbb, 0xbb,
	0x0b, 0xbb, 0xcd, 0xdd, 0xdd, 0xcc, 0xcb, 0xbb,
	0x0b, 0xbb, 0xcd, 0xdd, 0xdd, 0xcc, 0xcb, 0xbb,
	0x0b, 0xbb, 0xbc, 0xdd, 0xdc, 0xcc, 0xcb, 0xbb,
	0x0b, 0xbb, 0xbb, 0xcc, 0xcc, 0xcc, 0xbb, 0xbb,
	0x00, 0xbb, 0xbb, 0xbb, 0xcc, 0xcb, 0xbb, 0xb0,
	0x00, 0x0b, 0xbb, 0xbb, 0xbb, 0xbb, 0xbb, 0x00,
	0x00, 0x00, 0xbb, 0xbb, 0xbb, 0xbb, 0x00, 0x00,
	0x00, 0x00, 0x00, 0xbb, 0xbb, 0xb0, 0x00, 0x00,
	// img 22 (16x16)
	0x00, 0x0b, 0xbb, 0xb0, 0x00, 0x00, 0x00, 0x00,
	0x00, 0xbb, 0xbb, 0xbb, 0xbb, 0xbb, 0x00, 0x00,
	0x0b, 0xbb, 0xbb, 0xbb, 0xbb, 0xbb, 0xb0, 0x00,
	0x0b, 0xbb, 0xbb, 0xcc, 0xcb, 0xbb, 0xbb, 0x00,
	0x0b, 0xbb, 0xbc, 0xcc, 0xcc, 0xbb, 0xbb, 0x00,
	0x0b, 0xbb, 0xcc, 0xcc, 0xcc, 0xcb, 0xbb, 0x00,
	0x0b, 0xbb, 0xcc, 0xcd, 0xdd, 0xcb, 0xbb, 0xb0,
	0x0b, 0xbb, 0xcc, 0xdd, 0xdd, 0xdc, 0xbb, 0xb0,
	0x00, 0xbb, 0xcc, 0xdd, 0xdd, 0xdc, 0xbb, 0xb0,
	0x00, 0xbb, 0xcc, 0xdd, 0xdd, 0xdc, 0xbb, 0xb0,
	0x00, 0xbb, 0xbc, 0xcd, 0xdd, 0xcc, 0xbb, 0xb0,
	0x00, 0xbb, 0xbb, 0xcc, 0xcc, 0xcb, 0xbb, 0x00,
	0x00, 0x0b, 0xbb, 0xbc, 0xcc, 0xbb, 0xb0, 0x00,
	0x00, 0x00, 0xbb, 0xbb, 0xbb, 0xbb, 0xb0, 0x00,
	0x00, 0x00, 0x0b, 0xbb, 0xbb, 0xbb, 0x00, 0x00,
	0x00, 0x00, 0x00, 0xbb, 0xbb, 0xb0, 0x00, 0x00,
	// img 23 (16x16)
	0x00, 0x00, 0x0b, 0xbb, 0xbb, 0x00, 0x00, 0x00,
	0x00, 0x0b, 0xbb, 0xbb, 0xbb, 0xb0, 0x00, 0x00,
	0x00, 0xbb, 0xbb, 0xbb, 0xbb, 0xbb, 0x00, 0x00,
	0x00, 0xbb, 0xbb, 0xbb, 0xbb, 0xbb, 0x00, 0x00,
	0x0b, 0xbb, 0xbb, 0xbb, 0xbb, 0xbb, 0xb0, 0x00,
	0x0b, 0xbb, 0xbb, 0xbb, 0xbb, 0xbb, 0xbb, 0x00,
	0x0b, 0xbb, 0xbb, 0xcc, 0xcc, 0xcb, 0xbb, 0xbb,
	0x0b, 0xbb, 0xbc, 0xcd, 0xdd, 0xcc, 0xbb, 0xbb,
	0x0b, 0xbb, 0xbc, 0xdd, 0xdd, 0xdc, 0xcb, 0xbb,
	0x0b, 0xbb, 0xbc, 0xdd, 0xdd, 0xdc, 0xcb, 0xbb,
	0x0b, 0xbb, 0xbc, 0xdd, 0xdd, 0xdc, 0xcb, 0xbb,
	0x00, 0xbb, 0xbb, 0xcd, 0xdd, 0xcc, 0xcb, 0xbb,
	0x00, 0x0b, 0xbb, 0xbc, 0xcc, 0xcc, 0xcb, 0xbb,
	0x00, 0x00, 0xbb, 0xbb, 0xcc, 0xcc, 0xbb, 0xb0,
	0x00, 0x00, 0x0b, 0xbb, 0xbb, 0xbb, 0xbb, 0x00,
	0x00, 0x00, 0x00, 0x0b, 0xbb, 0xbb, 0xb0, 0x00,
	// img 24 (16x16)
	0x00, 0xbb, 0xbb, 0xb0, 0x00, 0x00, 0x00, 0x00,
	0x0b, 0xbc, 0xcc, 0xbb, 0x00, 0x00, 0x00, 0x00,
	0xbb, 0xcc, 0xdc, 0xcb, 0xb0, 0x00, 0x00, 0x00,
	0xbb, 0xcd, 0xdd, 0xcc, 0xb0, 0x00, 0x00, 0x00,
	0xbb, 0xcc, 0xdc, 0xcc, 0xb0, 0x00, 0x00, 0x00,
	0xbb, 0xbc, 0xcc, 0xcc, 0xb0, 0x00, 0x00, 0x00,
	0x0b, 0xbb, 0xcc, 0xcb, 0xb0, 0x00, 0x00, 0x00,
	0x00, 0xbb, 0xbb, 0xbb, 0xb0, 0x00, 0x00, 0x00,
	0x00, 0x0b, 0xbb, 0xbb, 0x00, 0x00, 0x00, 0x00,
	0x00, 0x00, 0xbb, 0xb0, 0x00, 0x00, 0x00, 0x00,
	0x00, 0x00, 0x00, 0x00, 0x00, 0x00, 0x00, 0x00,
	0x00, 0x00, 0x00, 0x00, 0x00, 0x00, 0x00, 0x00,
	0x00, 0x00, 0x00, 0x00, 0x00, 0x00, 0x00, 0x00,
	0x00, 0x00, 0x00, 0x00, 0x00, 0x00, 0x00, 0x00,
	0x00, 0x00, 0x00, 0x00, 0x00, 0x00, 0x00, 0x00,
	0x00, 0x00, 0x00, 0x00, 0x00, 0x00, 0x00, 0x00,
	// img 25 (16x16)
	0x00, 0x00, 0x00, 0x00, 0x00, 0x00, 0x00, 0x00,
	0x00, 0x0b, 0xbb, 0xbb, 0x00, 0x00, 0x00, 0x00,
	0x00, 0xbb, 0xcc, 0xcb, 0xb0, 0x00, 0x00, 0x00,
	0x0b, 0xbc, 0xcd, 0xcc, 0xbb, 0x00, 0x00, 0x00,
	0x0b, 0xbc, 0xdd, 0xdc, 0xbb, 0x00, 0x00, 0x00,
	0x0b, 0xbc, 0xcd, 0xcc, 0xbb, 0x00, 0x00, 0x00,
	0x0b, 0xbc, 0xcc, 0xcc, 0xbb, 0x00, 0x00, 0x00,
	0x0b, 0xbb, 0xcc, 0xcb, 0xbb, 0x00, 0x00, 0x00,
	0x00, 0xbb, 0xbb, 0xbb, 0xb0, 0x00, 0x00, 0x00,
	0x00, 0x0b, 0xbb, 0xbb, 0x00, 0x00, 0x00, 0x00,
	0x00, 0x00, 0x00, 0x00, 0x00, 0x00, 0x00, 0x00,
	0x00, 0x00, 0x00, 0x00, 0x00, 0x00, 0x00, 0x00,
	0x00, 0x00, 0x00, 0x00, 0x00, 0x00, 0x00, 0x00,
	0x00, 0x00, 0x00, 0x00, 0x00, 0x00, 0x00, 0x00,
	0x00, 0x00, 0x00, 0x00, 0x00, 0x00, 0x00, 0x00,
	0x00, 0x00, 0x00, 0x00, 0x00, 0x00, 0x00, 0x00,
	// img 26 (16x16)
	0x00, 0x00, 0x00, 0x00, 0x00, 0x00, 0x00, 0x00,
	0x00, 0x00, 0xbb, 0xbb, 0xb0, 0x00, 0x00, 0x00,
	0x00, 0x0b, 0xbc, 0xcc, 0xbb, 0x00, 0x00, 0x00,
	0x00, 0xbb, 0xcc, 0xdc, 0xcb, 0xb0, 0x00, 0x00,
	0x00, 0xbb, 0xcd, 0xdd, 0xcb, 0xb0, 0x00, 0x00,
	0x00, 0xbb, 0xcc, 0xdc, 0xcb, 0xb0, 0x00, 0x00,
	0x00, 0xbb, 0xbc, 0xcc, 0xbb, 0xb0, 0x00, 0x00,
	0x00, 0x0b, 0xbb, 0xbb, 0xbb, 0xb0, 0x00, 0x00,
	0x00, 0x00, 0xbb, 0xbb, 0xbb, 0x00, 0x00, 0x00,
	0x00, 0x00, 0x0b, 0xbb, 0xb0, 0x00, 0x00, 0x00,
	0x00, 0x00, 0x00, 0x00, 0x00, 0x00, 0x00, 0x00,
	0x00, 0x00, 0x00, 0x00, 0x00, 0x00, 0x00, 0x00,
	0x00, 0x00, 0x00, 0x00, 0x00, 0x00, 0x00, 0x00,
	0x00, 0x00, 0x00, 0x00, 0x00, 0x00, 0x00, 0x00,
	0x00, 0x00, 0x00, 0x00, 0x00, 0x00, 0x00, 0x00,
	0x00, 0x00, 0x00, 0x00, 0x00, 0x00, 0x00, 0x00,
	// img 27 (16x16)
	0x00, 0x0b, 0xbb, 0xbb, 0xb0, 0x00, 0x00, 0x00,
	0x00, 0xbb, 0xcc, 0xcb, 0xbb, 0x00, 0x00, 0x00,
	0x0b, 0xbc, 0xcd, 0xcc, 0xbb, 0xb0, 0x00, 0x00,
	0x0b, 0xbc, 0xdd, 0xdc, 0xbb, 0xb0, 0x00, 0x00,
	0x0b, 0xbc, 0xcd, 0xcc, 0xbb, 0xb0, 0x00, 0x00,
	0x0b, 0xbb, 0xcc, 0xcb, 0xbb, 0xb0, 0x00, 0x00,
	0x0b, 0xbb, 0xbb, 0xbb, 0xbb, 0x00, 0x00, 0x00,
	0x00, 0xbb, 0xbb, 0xbb, 0xb0, 0x00, 0x00, 0x00,
	0x00, 0x0b, 0xbb, 0xbb, 0x00, 0x00, 0x00, 0x00,
	0x00, 0x00, 0x00, 0x00, 0x00, 0x00, 0x00, 0x00,
	0x00, 0x00, 0x00, 0x00, 0x00, 0x00, 0x00, 0x00,
	0x00, 0x00, 0x00, 0x00, 0x00, 0x00, 0x00, 0x00,
	0x00, 0x00, 0x00, 0x00, 0x00, 0x00, 0x00, 0x00,
	0x00, 0x00, 0x00, 0x00, 0x00, 0x00, 0x00, 0x00,
	0x00, 0x00, 0x00, 0x00, 0x00, 0x00, 0x00, 0x00,
	0x00, 0x00, 0x00, 0x00, 0x00, 0x00, 0x00, 0x00,
	// img 28 (16x16)
	0x00, 0x33, 0x33, 0x33, 0x33, 0x33, 0x33, 0x00,
	0x00, 0x32, 0x22, 0x22, 0x22, 0x22, 0x23, 0x00,
	0x00, 0x32, 0x22, 0x22, 0x22, 0x22, 0x23, 0x00,
	0x00, 0x32, 0x22, 0x22, 0x22, 0x22, 0x23, 0x00,
	0x00, 0x32, 0x22, 0x22, 0x22, 0x22, 0x23, 0x00,
	0x00, 0x32, 0x22, 0x22, 0x22, 0x22, 0x23, 0x00,
	0x00, 0x32, 0x2f, 0x22, 0x22, 0xf2, 0x23, 0x22,
	0x00, 0x32, 0x22, 0xf2, 0x2f, 0x22, 0x23, 0x22,
	0x22, 0x22, 0x22, 0x22, 0x22, 0x22, 0x22, 0x22,
	0x22, 0x22, 0x22, 0xee, 0xee, 0x22, 0x22, 0x22,
	0x22, 0x32, 0x2e, 0x22, 0x22, 0xe2, 0x23, 0x00,
	0x22, 0x32, 0x22, 0x22, 0x22, 0x22, 0x23, 0x00,
	0x00, 0x33, 0x33, 0x33, 0x33, 0x33, 0x33, 0x00,
	0x00, 0x00, 0x33, 0x00, 0x00, 0x33, 0x00, 0x00,
	0x00, 0x00, 0x33, 0x00, 0x00, 0x33, 0x30, 0x00,
	0x00, 0x03, 0x33, 0x00, 0x00, 0x00, 0x00, 0x00,
	// img 29 (16x16)
	0x00, 0x33, 0x33, 0x33, 0x33, 0x33, 0x33, 0x00,
	0x00, 0x32, 0x22, 0x22, 0x22, 0x22, 0x23, 0x00,
	0x00, 0x32, 0x22, 0x22, 0x22, 0x22, 0x23, 0x00,
	0x00, 0x32, 0x22, 0x22, 0x22, 0x22, 0x23, 0x00,
	0x00, 0x32, 0x22, 0x22, 0x22, 0x22, 0x23, 0x00,
	0x00, 0x32, 0x22, 0x22, 0x22, 0x22, 0x23, 0x00,
	0x22, 0x32, 0x2f, 0x22, 0x22, 0xf2, 0x23, 0x00,
	0x22, 0x32, 0x22, 0xf2, 0x2f, 0x22, 0x23, 0x00,
	0x22, 0x22, 0x22, 0x22, 0x22, 0x22, 0x22, 0x22,
	0x22, 0x22, 0x22, 0xee, 0xee, 0x22, 0x22, 0x22,
	0x00, 0x32, 0x2e, 0x22, 0x22, 0xe2, 0x23, 0x22,
	0x00, 0x32, 0x22, 0x22, 0x22, 0x22, 0x23, 0x22,
	0x00, 0x33, 0x33, 0x33, 0x33, 0x33, 0x33, 0x00,
	0x00, 0x00, 0x33, 0x00, 0x00, 0x33, 0x00, 0x00,
	0x00, 0x03, 0x33, 0x00, 0x00, 0x33, 0x00, 0x00,
	0x00, 0x00, 0x00, 0x00, 0x00, 0x33, 0x30, 0x00,
	// img 30 (16x16)
	0x00, 0x00, 0x88, 0x88, 0x88, 0x88, 0x00, 0x00,
	0x00, 0x08, 0xaa, 0xaa, 0xaa, 0xaa, 0x80, 0x00,
	0x00, 0x08, 0xaa, 0xfa, 0xaf, 0xaa, 0x80, 0x00,
	0x00, 0x08, 0xaa, 0xfa, 0xaf, 0xaa, 0x80, 0x00,
	0x00, 0x08, 0xaa, 0xaa, 0xaa, 0xaa, 0x80, 0x00,
	0x00, 0x08, 0xaa, 0xaa, 0xaa, 0xaa, 0x80, 0x00,
	0x00, 0x08, 0xaa, 0xaa, 0xaa, 0xaa, 0x80, 0x00,
	0x00, 0x08, 0xaa, 0xaa, 0xaa, 0xaa, 0x80, 0x00,
	0x99, 0x08, 0xaa, 0xaa, 0xaa, 0xaa, 0x80, 0x00,
	0x99, 0x08, 0xaa, 0xaa, 0xaa, 0xaa, 0x80, 0x00,
	0x99, 0x98, 0x88, 0x88, 0x88, 0x88, 0x89, 0x99,
	0x99, 0x98, 0x88, 0x88, 0x8a, 0xaa, 0x89, 0x99,
	0x00, 0x08, 0x88, 0x88, 0x88, 0x88, 0x80, 0x99,
	0x00, 0x08, 0x88, 0x88, 0x88, 0x88, 0x80, 0x99,
	0x00, 0x00, 0x99, 0x90, 0x09, 0x90, 0x00, 0x00,
	0x00, 0x00, 0x00, 0x00, 0x99, 0x99, 0x00, 0x00,
	// img 31 (16x16)
	0x00, 0x00, 0x88, 0x88, 0x88, 0x88, 0x00, 0x00,
	0x00, 0x08, 0xaa, 0xaa, 0xaa, 0xaa, 0x80, 0x00,
	0x00, 0x08, 0xaa, 0xfa, 0xaf, 0xaa, 0x80, 0x00,
	0x00, 0x08, 0xaa, 0xfa, 0xaf, 0xaa, 0x80, 0x00,
	0x00, 0x08, 0xaa, 0xaa, 0xaa, 0xaa, 0x80, 0x00,
	0x00, 0x08, 0xaa, 0xaa, 0xaa, 0xaa, 0x80, 0x00,
	0x00, 0x08, 0xaa, 0xaa, 0xaa, 0xaa, 0x80, 0x00,
	0x00, 0x08, 0xaa, 0xaa, 0xaa, 0xaa, 0x80, 0x00,
	0x00, 0x08, 0xaa, 0xaa, 0xaa, 0xaa, 0x80, 0x99,
	0x00, 0x08, 0xaa, 0xaa, 0xaa, 0xaa, 0x80, 0x99,
	0x99, 0x98, 0x88, 0x88, 0x88, 0x88, 0x89, 0x99,
	0x99, 0x98, 0x88, 0x88, 0x8a, 0xaa, 0x89, 0x99,
	0x99, 0x08, 0x88, 0x88, 0x88, 0x88, 0x80, 0x00,
	0x99, 0x08, 0x88, 0x88, 0x88, 0x88, 0x80, 0x00,
	0x00, 0x00, 0x09, 0x90, 0x09, 0x99, 0x00, 0x00,
	0x00, 0x00, 0x99, 0x99, 0x00, 0x00, 0x00, 0x00,
	// img 32 (16x16)
	0x30, 0x00, 0x00, 0x00, 0x00, 0x00, 0x00, 0x03,
	0x03, 0x30, 0x00, 0x00, 0x00, 0x00, 0x03, 0x30,
	0x03, 0x33, 0x30, 0x00, 0x00, 0x03, 0x33, 0x30,
	0x00, 0x32, 0x33, 0x30, 0x03, 0x33, 0x23, 0x00,
	0x00, 0x33, 0x22, 0x33, 0x33, 0x22, 0x33, 0x00,
	0x00, 0x03, 0x22, 0x2f, 0xf2, 0x22, 0x30, 0x00,
	0x00, 0x03, 0x32, 0xff, 0xff, 0x23, 0x30, 0x00,
	0x00, 0x00, 0x3f, 0xff, 0xff, 0xf3, 0x00, 0x00,
	0x00, 0x00, 0x3f, 0xff, 0xff, 0xf3, 0x00, 0x00,
	0x00, 0x03, 0x32, 0xff, 0xff, 0x23, 0x30, 0x00,
	0x00, 0x03, 0x22, 0x2f, 0xf2, 0x22, 0x30, 0x00,
	0x00, 0x33, 0x22, 0x33, 0x33, 0x22, 0x33, 0x00,
	0x00, 0x32, 0x33, 0x30, 0x03, 0x33, 0x23, 0x00,
	0x03, 0x33, 0x30, 0x00, 0x00, 0x03, 0x33, 0x30,
	0x03, 0x30, 0x00, 0x00, 0x00, 0x00, 0x03, 0x30,
	0x30, 0x00, 0x00, 0x00, 0x00, 0x00, 0x00, 0x03,
	// img 33 (16x16)
	0x80, 0x00, 0x00, 0x00, 0x00, 0x00, 0x00, 0x00,
	0x08, 0x80, 0x00, 0x00, 0x00, 0x00, 0x00, 0x00,
	0x08, 0x88, 0x80, 0x00, 0x00, 0x00, 0x00, 0x00,
	0x00, 0x88, 0x88, 0x90, 0x00, 0x00, 0x00, 0x00,
	0x00, 0x88, 0x89, 0x99, 0xa0, 0x00, 0x00, 0x00,
	0x00, 0x08, 0x99, 0x9a, 0xa0, 0x00, 0x00, 0x00,
	0x00, 0x09, 0x99, 0xaa, 0x00, 0xa0, 0x00, 0x00,
	0x00, 0x00, 0x9a, 0xa0, 0x00, 0x00, 0x00, 0x00,
	0x00, 0x00, 0xaa, 0x00, 0x00, 0x00, 0xa0, 0x00,
	0x00, 0x00, 0x00, 0x00, 0x00, 0x00, 0x00, 0x00,
	0x00, 0x00, 0x00, 0xa0, 0x00, 0x00, 0x00, 0x00,
	0x00, 0x00, 0x00, 0x00, 0x00, 0x00, 0x00, 0x00,
	0x00, 0x00, 0x00, 0x00, 0xa0, 0x00, 0x00, 0x00,
	0x00, 0x00, 0x00, 0x00, 0x00, 0x00, 0x00, 0x00,
	0x00, 0x00, 0x00, 0x00, 0x00, 0x00, 0x00, 0x00,
	0x00, 0x00, 0x00, 0x00, 0x00, 0x00, 0x00, 0x00,
	// img 34 (16x16)
	0x00, 0x00, 0x00, 0x00, 0x00, 0x00, 0x00, 0x08,
	0x00, 0x00, 0x00, 0x00, 0x00, 0x00, 0x08, 0x80,
	0x00, 0x00, 0x00, 0x00, 0x00, 0x08, 0x88, 0x80,
	0x00, 0x00, 0x00, 0x00, 0x09, 0x88, 0x88, 0x00,
	0x00, 0x00, 0x00, 0x0a, 0x99, 0x98, 0x88, 0x00,
	0x00, 0x00, 0x00, 0x0a, 0xa9, 0x99, 0x80, 0x00,
	0x00, 0x00, 0x0a, 0x00, 0xaa, 0x99, 0x90, 0x00,
	0x00, 0x00, 0x00, 0x00, 0x0a, 0xa9, 0x00, 0x00,
	0x00, 0x0a, 0x00, 0x00, 0x00, 0xaa, 0x00, 0x00,
	0x00, 0x00, 0x00, 0x00, 0x00, 0x00, 0x00, 0x00,
	0x00, 0x00, 0x00, 0x00, 0x0a, 0x00, 0x00, 0x00,
	0x00, 0x00, 0x00, 0x00, 0x00, 0x00, 0x00, 0x00,
	0x00, 0x00, 0x00, 0x0a, 0x00, 0x00, 0x00, 0x00,
	0x00, 0x00, 0x00, 0x00, 0x00, 0x00, 0x00, 0x00,
	0x00, 0x00, 0x00, 0x00, 0x00, 0x00, 0x00, 0x00,
	0x00, 0x00, 0x00, 0x00, 0x00, 0x00, 0x00, 0x00,
	// img 35 (16x16)
	0x00, 0x00, 0x00, 0x00, 0x00, 0x00, 0x00, 0x00,
	0x00, 0x00, 0x00, 0x00, 0x00, 0x00, 0x00, 0x00,
	0x00, 0x00, 0x00, 0x00, 0x00, 0x00, 0x00, 0x00,
	0x00, 0x00, 0x00, 0x00, 0x0a, 0x00, 0x00, 0x00,
	0x00, 0x00, 0x00, 0x00, 0x00, 0x00, 0x00, 0x00,
	0x00, 0x00, 0x00, 0x0a, 0x00, 0x00, 0x00, 0x00,
	0x00, 0x00, 0x00, 0x00, 0x00, 0x00, 0x00, 0x00,
	0x00, 0x00, 0x0a, 0xa0, 0x00, 0x00, 0x0a, 0x00,
	0x00, 0x00, 0x09, 0xaa, 0x00, 0x00, 0x00, 0x00,
	0x00, 0x00, 0x99, 0x9a, 0xa0, 0x0a, 0x00, 0x00,
	0x00, 0x00, 0x89, 0x99, 0xaa, 0x00, 0x00, 0x00,
	0x00, 0x08, 0x88, 0x99, 0x9a, 0x00, 0x00, 0x00,
	0x00, 0x08, 0x88, 0x89, 0x00, 0x00, 0x00, 0x00,
	0x00, 0x88, 0x88, 0x00, 0x00, 0x00, 0x00, 0x00,
	0x00, 0x88, 0x00, 0x00, 0x00, 0x00, 0x00, 0x00,
	0x08, 0x00, 0x00, 0x00, 0x00, 0x00, 0x00, 0x00,
	// img 36 (16x16)
	0x00, 0x00, 0x00, 0x00, 0x00, 0x00, 0x00, 0x00,
	0x00, 0x00, 0x00, 0x00, 0x00, 0x00, 0x00, 0x00,
	0x00, 0x00, 0x00, 0x00, 0x00, 0x00, 0x00, 0x00,
	0x00, 0x00, 0x00, 0x0a, 0x00, 0x00, 0x00, 0x00,
	0x00, 0x00, 0x00, 0x00, 0x00, 0x00, 0x00, 0x00,
	0x00, 0x00, 0x00, 0x00, 0x0a, 0x00, 0x00, 0x00,
	0x00, 0x00, 0x00, 0x00, 0x00, 0x00, 0x00, 0x00,
	0x00, 0x0a, 0x00, 0x00, 0x00, 0xaa, 0x00, 0x00,
	0x00, 0x00, 0x00, 0x00, 0x0a, 0xa9, 0x00, 0x00,
	0x00, 0x00, 0x0a, 0x00, 0xaa, 0x99, 0x90, 0x00,
	0x00, 0x00, 0x00, 0x0a, 0xa9, 0x99, 0x80, 0x00,
	0x00, 0x00, 0x00, 0x0a, 0x99, 0x98, 0x88, 0x00,
	0x00, 0x00, 0x00, 0x00, 0x09, 0x88, 0x88, 0x00,
	0x00, 0x00, 0x00, 0x00, 0x00, 0x08, 0x88, 0x80,
	0x00, 0x00, 0x00, 0x00, 0x00, 0x00, 0x08, 0x80,
	0x00, 0x00, 0x00, 0x00, 0x00, 0x00, 0x00, 0x08,
	// img 37 (16x16)
	0x00, 0x00, 0x00, 0x00, 0x00, 0x00, 0x50, 0x00,
	0x00, 0x00, 0x00, 0x05, 0x55, 0x55, 0x00, 0x00,
	0x00, 0x00, 0x05, 0x55, 0x55, 0x00, 0x00, 0x00,
	0x00, 0x00, 0x45, 0x55, 0x55, 0x55, 0x00, 0x00,
	0x00, 0x0d, 0x44, 0x44, 0x44, 0x44, 0xd0, 0x00,
	0x00, 0x0d, 0x44, 0x44, 0x44, 0x44, 0xd0, 0x00,
	0x00, 0x0d, 0x4e, 0x44, 0x44, 0xe4, 0xd0, 0x00,
	0x05, 0xd4, 0x44, 0xe4, 0x4e, 0x44, 0x4d, 0x50,
	0x50, 0xd4, 0x44, 0x44, 0x44, 0x44, 0x4d, 0x05,
	0x00, 0xd4, 0x44, 0x44, 0x44, 0x44, 0x4d, 0x00,
	0x0d, 0x44, 0x44, 0x44, 0x44, 0x44, 0x44, 0xd0,
	0x0d, 0x44, 0x44, 0x4e, 0xe4, 0x44, 0x44, 0xd0,
	0x0d, 0x44, 0x44, 0xe4, 0x4e, 0x44, 0x44, 0xd0,
	0xd4, 0x44, 0x44, 0xe4, 0x4e, 0x44, 0x44, 0x4d,
	0xd4, 0x44, 0x44, 0x44, 0x44, 0x44, 0x44, 0x4d,
	0x0d, 0xdd, 0xdd, 0xdd, 0xdd, 0xdd, 0xdd, 0xd0,
	// img 38 (16x16)
	0x00, 0x00, 0x00, 0x00, 0x00, 0x00, 0x00, 0x00,
	0x00, 0x00, 0x00, 0x05, 0x55, 0x55, 0x50, 0x00,
	0x00, 0x00, 0x05, 0x55, 0x55, 0x00, 0x00, 0x00,
	0x00, 0x00, 0x45, 0x55, 0x55, 0x55, 0x00, 0x00,
	0x00, 0x0d, 0x44, 0x44, 0x44, 0x44, 0xd0, 0x00,
	0x50, 0x0d, 0x44, 0x44, 0x44, 0x44, 0xd0, 0x05,
	0x05, 0x0d, 0x4e, 0x44, 0x44, 0xe4, 0xd0, 0x50,
	0x00, 0xd4, 0x44, 0xe4, 0x4e, 0x44, 0x4d, 0x00,
	0x00, 0xd4, 0x44, 0x44, 0x44, 0x44, 0x4d, 0x00,
	0x00, 0xd4, 0x44, 0x44, 0x44, 0x44, 0x4d, 0x00,
	0x0d, 0x44, 0x44, 0x44, 0x44, 0x44, 0x44, 0xd0,
	0x0d, 0x44, 0x44, 0x4e, 0xe4, 0x44, 0x44, 0xd0,
	0x0d, 0x44, 0x44, 0xe4, 0x4e, 0x44, 0x44, 0xd0,
	0xd4, 0x44, 0x44, 0xe4, 0x4e, 0x44, 0x44, 0x4d,
	0xd4, 0x44, 0x44, 0x44, 0x44, 0x44, 0x44, 0x4d,
	0x0d, 0xdd, 0xdd, 0xdd, 0xdd, 0xdd, 0xdd, 0xd0,
	// img 39 (16x16)
	0x00, 0x00, 0x00, 0x00, 0x00, 0x00, 0x50, 0x00,
	0x00, 0x00, 0x00, 0x05, 0x55, 0x55, 0x00, 0x00,
	0x00, 0x00, 0x05, 0x55, 0x55, 0x00, 0x00, 0x00,
	0x00, 0x00, 0x45, 0x55, 0x55, 0x55, 0x00, 0x00,
	0x00, 0x0d, 0x44, 0x44, 0x44, 0x44, 0xd0, 0x00,
	0x00, 0x0d, 0x4e, 0x44, 0x44, 0xe4, 0xd0, 0x00,
	0x00, 0x0d, 0x44, 0xe4, 0x4e, 0x44, 0xd0, 0x00,
	0x05, 0xd4, 0x44, 0x44, 0x44, 0x44, 0x4d, 0x50,
	0x50, 0xd4, 0x4e, 0xee, 0xee, 0xe4, 0x4d, 0x05,
	0x00, 0xd4, 0x4e, 0xee, 0xee, 0xe4, 0x4d, 0x00,
	0x0d, 0x44, 0xee, 0xee, 0xee, 0xee, 0x44, 0xd0,
	0x0d, 0x44, 0xee, 0xee, 0xee, 0xee, 0x44, 0xd0,
	0x0d, 0x4e, 0xee, 0xee, 0xee, 0xee, 0xe4, 0xd0,
	0xd4, 0x4e, 0xee, 0xee, 0xee, 0xee, 0xe4, 0x4d,
	0xd4, 0x44, 0x44, 0x44, 0x44, 0x44, 0x44, 0x4d,
	0x0d, 0xdd, 0xdd, 0xdd, 0xdd, 0xdd, 0xdd, 0xd0,
	// img 40 (16x16)
	0x00, 0x00, 0x00, 0x00, 0x00, 0x00, 0x00, 0x00,
	0x00, 0x00, 0x00, 0x05, 0x55, 0x55, 0x50, 0x00,
	0x00, 0x00, 0x05, 0x55, 0x55, 0x00, 0x00, 0x00,
	0x00, 0x00, 0x45, 0x55, 0x55, 0x55, 0x00, 0x00,
	0x00, 0x0d, 0x44, 0x44, 0x44, 0x44, 0xd0, 0x00,
	0x50, 0x0d, 0x4e, 0x44, 0x44, 0xe4, 0xd0, 0x05,
	0x05, 0x0d, 0x44, 0xe4, 0x4e, 0x44, 0xd0, 0x50,
	0x00, 0xd4, 0x44, 0x44, 0x44, 0x44, 0x4d, 0x00,
	0x00, 0xd4, 0x4e, 0xee, 0xee, 0xe4, 0x4d, 0x00,
	0x00, 0xd4, 0x4e, 0xee, 0xee, 0xe4, 0x4d, 0x00,
	0x0d, 0x44, 0xee, 0xee, 0xee, 0xee, 0x44, 0xd0,
	0x0d, 0x44, 0xee, 0xee, 0xee, 0xee, 0x44, 0xd0,
	0x0d, 0x4e, 0xee, 0xee, 0xee, 0xee, 0xe4, 0xd0,
	0xd4, 0x4e, 0xee, 0xee, 0xee, 0xee, 0xe4, 0x4d,
	0xd4, 0x44, 0x44, 0x44, 0x44, 0x44, 0x44, 0x4d,
	0x0d, 0xdd, 0xdd, 0xdd, 0xdd, 0xdd, 0xdd, 0xd0,
	// img 41 (16x16)
	0x00, 0x00, 0x00, 0x00, 0x00, 0x00, 0x00, 0x00,
	0x00, 0x00, 0x00, 0x00, 0x00, 0x00, 0x00, 0x00,
	0x00, 0x00, 0x00, 0x00, 0x00, 0x00, 0x00, 0x00,
	0x00, 0x00, 0x00, 0x00, 0x00, 0x00, 0x00, 0x00,
	0x00, 0x00, 0x00, 0x00, 0x00, 0x00, 0x00, 0x00,
	0x00, 0x00, 0x00, 0x00, 0x00, 0x00, 0x00, 0x00,
	0x00, 0x00, 0x34, 0x44, 0x44, 0x30, 0x44, 0x00,
	0x00, 0x03, 0x44, 0x44, 0x43, 0x04, 0x44, 0x40,
	0x00, 0x34, 0x44, 0x33, 0x44, 0x44, 0x44, 0x30,
	0x00, 0x44, 0x43, 0x04, 0x43, 0x44, 0x43, 0x00,
	0x00, 0x03, 0x30, 0x44, 0x30, 0x43, 0x00, 0x00,
	0x00, 0x00, 0x00, 0x00, 0x00, 0x00, 0x00, 0x00,
	0x00, 0x00, 0x00, 0x00, 0x00, 0x00, 0x00, 0x00,
	0x00, 0x00, 0x00, 0x00, 0x00, 0x00, 0x00, 0x00,
	0x00, 0x00, 0x00, 0x00, 0x00, 0x00, 0x00, 0x00,
	0x00, 0x00, 0x00, 0x00, 0x00, 0x00, 0x00, 0x00,
	// img 42 (16x16)
	0x00, 0x00, 0x00, 0x00, 0x00, 0x00, 0x00, 0x00,
	0x00, 0x00, 0x00, 0x00, 0x00, 0x00, 0x00, 0x00,
	0x00, 0x00, 0x33, 0x40, 0x00, 0x00, 0x00, 0x00,
	0x00, 0x03, 0x44, 0x44, 0x00, 0x00, 0x00, 0x00,
	0x00, 0x04, 0x44, 0x44, 0x40, 0x00, 0x00, 0x00,
	0x00, 0x04, 0x43, 0x34, 0x44, 0x00, 0x00, 0x00,
	0x00, 0x00, 0x30, 0x44, 0x43, 0x00, 0x00, 0x00,
	0x00, 0x00, 0x04, 0x44, 0x34, 0x43, 0x00, 0x00,
	0x00, 0x00, 0x00, 0x44, 0x44, 0x34, 0x40, 0x00,
	0x00, 0x00, 0x00, 0x00, 0x33, 0x44, 0x44, 0x00,
	0x00, 0x00, 0x00, 0x00, 0x00, 0x44, 0x43, 0x00,
	0x00, 0x00, 0x00, 0x00, 0x04, 0x44, 0x43, 0x00,
	0x00, 0x00, 0x00, 0x00, 0x00, 0x43, 0x30, 0x00,
	0x00, 0x00, 0x00, 0x00, 0x00, 0x00, 0x00, 0x00,
	0x00, 0x00, 0x00, 0x00, 0x00, 0x00, 0x00, 0x00,
	0x00, 0x00, 0x00, 0x00, 0x00, 0x00, 0x00, 0x00,
	// img 43 (16x16)
	0x00, 0x00, 0x00, 0x00, 0x00, 0x00, 0x00, 0x00,
	0x00, 0x00, 0x00, 0x00, 0x00, 0x00, 0x00, 0x00,
	0x00, 0x00, 0x00, 0x04, 0x30, 0x00, 0x00, 0x00,
	0x00, 0x00, 0x00, 0x34, 0x43, 0x00, 0x00, 0x00,
	0x00, 0x00, 0x00, 0x34, 0x44, 0x30, 0x00, 0x00,
	0x00, 0x00, 0x00, 0x03, 0x44, 0x40, 0x00, 0x00,
	0x00, 0x00, 0x00, 0x40, 0x34, 0x40, 0x00, 0x00,
	0x00, 0x00, 0x00, 0x44, 0x34, 0x40, 0x00, 0x00,
	0x00, 0x00, 0x00, 0x34, 0x44, 0x40, 0x00, 0x00,
	0x00, 0x00, 0x00, 0x03, 0x43, 0x40, 0x00, 0x00,
	0x00, 0x00, 0x00, 0x44, 0x40, 0x30, 0x00, 0x00,
	0x00, 0x00, 0x00, 0x34, 0x44, 0x00, 0x00, 0x00,
	0x00, 0x00, 0x00, 0x04, 0x44, 0x40, 0x00, 0x00,
	0x00, 0x00, 0x00, 0x03, 0x44, 0x40, 0x00, 0x00,
	0x00, 0x00, 0x00, 0x00, 0x34, 0x00, 0x00, 0x00,
	0x00, 0x00, 0x00, 0x00, 0x00, 0x00, 0x00, 0x00,
	// img 44 (16x16)
	0x00, 0x00, 0x00, 0x00, 0x00, 0x00, 0x00, 0x00,
	0x00, 0x00, 0x00, 0x00, 0x00, 0x00, 0x00, 0x00,
	0x00, 0x00, 0x00, 0x00, 0x00, 0x00, 0x00, 0x00,
	0x00, 0x00, 0x00, 0x00, 0x00, 0x43, 0x30, 0x00,
	0x00, 0x00, 0x00, 0x00, 0x04, 0x44, 0x43, 0x00,
	0x00, 0x00, 0x00, 0x00, 0x44, 0x44, 0x44, 0x00,
	0x00, 0x00, 0x00, 0x04, 0x44, 0x33, 0x44, 0x00,
	0x00, 0x00, 0x00, 0x03, 0x44, 0x40, 0x30, 0x00,
	0x00, 0x00, 0x03, 0x44, 0x34, 0x44, 0x00, 0x00,
	0x00, 0x00, 0x44, 0x34, 0x44, 0x40, 0x00, 0x00,
	0x00, 0x04, 0x44, 0x43, 0x30, 0x00, 0x00, 0x00,
	0x00, 0x03, 0x44, 0x40, 0x00, 0x00, 0x00, 0x00,
	0x00, 0x03, 0x44, 0x44, 0x00, 0x00, 0x00, 0x00,
	0x00, 0x00, 0x33, 0x40, 0x00, 0x00, 0x00, 0x00,
	0x00, 0x00, 0x00, 0x00, 0x00, 0x00, 0x00, 0x00,
	0x00, 0x00, 0x00, 0x00, 0x00, 0x00, 0x00, 0x00,
	// img 45 (16x16)
	0x00, 0x22, 0x22, 0x22, 0x22, 0x22, 0x22, 0x00,
	0x02, 0xcc, 0xcc, 0xcc, 0xcc, 0xcc, 0xcc, 0x30,
	0x02, 0xcc, 0xcc, 0xce, 0xce, 0xcc, 0xcc, 0x30,
	0x82, 0xcc, 0xcc, 0xce, 0xce, 0xcc, 0xcc, 0x30,
	0x88, 0xcc, 0xcc, 0xcc, 0xcc, 0xcc, 0xcc, 0x30,
	0x08, 0xcc, 0xcc, 0xee, 0xee, 0xee, 0xcc, 0x30,
	0x02, 0xcc, 0xcc, 0xee, 0xee, 0xee, 0xcc, 0x38,
	0x02, 0xcc, 0xcc, 0xce, 0xee, 0xec, 0xcc, 0x38,
	0x02, 0xcc, 0xcc, 0xcc, 0xcc, 0xcc, 0xcc, 0x30,
	0x02, 0xcc, 0xcc, 0xcc, 0xcc, 0xcc, 0xcc, 0x30,
	0x02, 0xcc, 0xcc, 0xcc, 0xcc, 0xcc, 0xcc, 0x30,
	0x02, 0xcc, 0xcc, 0xcc, 0xcc, 0xcc, 0xcc, 0x30,
	0x88, 0xcc, 0xcc, 0xcc, 0xcc, 0xcc, 0xcc, 0x30,
	0x88, 0x8c, 0xcc, 0xcc, 0xcc, 0xcc, 0xcc, 0x30,
	0x08, 0x83, 0x33, 0x33, 0x33, 0x33, 0x38, 0x80,
	0x00, 0x00, 0x00, 0x00, 0x00, 0x00, 0x08, 0x88,
	// img 46 (16x16)
	0x00, 0x22, 0x22, 0x22, 0x22, 0x22, 0x22, 0x00,
	0x02, 0xcc, 0xcc, 0xcc, 0xcc, 0xcc, 0xcc, 0x30,
	0x02, 0xcc, 0xcc, 0xce, 0xce, 0xcc, 0xcc, 0x30,
	0x02, 0xcc, 0xcc, 0xce, 0xce, 0xcc, 0xcc, 0x38,
	0x02, 0xcc, 0xcc, 0xcc, 0xcc, 0xcc, 0xcc, 0x88,
	0x02, 0xcc, 0xcc, 0xee, 0xee, 0xee, 0xcc, 0x80,
	0x88, 0xcc, 0xcc, 0xee, 0xee, 0xee, 0xcc, 0x30,
	0x82, 0xcc, 0xcc, 0xce, 0xee, 0xec, 0xcc, 0x30,
	0x02, 0xcc, 0xcc, 0xcc, 0xcc, 0xcc, 0xcc, 0x30,
	0x02, 0xcc, 0xcc, 0xcc, 0xcc, 0xcc, 0xcc, 0x30,
	0x02, 0xcc, 0xcc, 0xcc, 0xcc, 0xcc, 0xcc, 0x30,
	0x02, 0xcc, 0xcc, 0xcc, 0xcc, 0xcc, 0xcc, 0x30,
	0x02, 0xcc, 0xcc, 0xcc, 0xcc, 0xcc, 0xcc, 0x88,
	0x02, 0xcc, 0xcc, 0xcc, 0xcc, 0xcc, 0xc8, 0x88,
	0x08, 0x83, 0x33, 0x33, 0x33, 0x33, 0x38, 0x80,
	0x88, 0x80, 0x00, 0x00, 0x00, 0x00, 0x00, 0x00,
	// img 47 (16x16)
	0x00, 0x22, 0x22, 0x22, 0x22, 0x22, 0x22, 0x00,
	0x02, 0xcc, 0xcc, 0xcc, 0xcc, 0xcc, 0xcc, 0x30,
	0x02, 0xcc, 0xcc, 0xcc, 0xcc, 0xcc, 0xcc, 0x30,
	0x02, 0xcc, 0xcc, 0xcc, 0xcc, 0xcc, 0xcc, 0x30,
	0x02, 0xcc, 0xcc, 0xcc, 0xcc, 0xcc, 0xcc, 0x30,
	0x02, 0xcc, 0xcc, 0xee, 0xce, 0xec, 0xcc, 0x30,
	0x02, 0xcc, 0xcc, 0xcc, 0xcc, 0xcc, 0xcc, 0x30,
	0x02, 0xcc, 0xcc, 0xcc, 0xcc, 0xcc, 0xcc, 0x30,
	0x82, 0xcc, 0xcc, 0xcc, 0xce, 0xcc, 0xcc, 0x38,
	0x82, 0xcc, 0xcc, 0xcc, 0xcc, 0xcc, 0xcc, 0x38,
	0x02, 0xcc, 0xcc, 0xcc, 0xcc, 0xcc, 0xcc, 0x30,
	0x02, 0xcc, 0xcc, 0xcc, 0xcc, 0xcc, 0xcc, 0x30,
	0x02, 0xcc, 0xcc, 0xcc, 0xcc, 0xcc, 0xcc, 0x30,
	0x02, 0xcc, 0xcc, 0xcc, 0xcc, 0xcc, 0xcc, 0x30,
	0x08, 0x83, 0x33, 0x33, 0x33, 0x33, 0x38, 0x80,
	0x88, 0x80, 0x00, 0x00, 0x00, 0x00, 0x08, 0x88,
	// img 48 (16x16)
	0x00, 0x00, 0x00, 0x00, 0x00, 0x00, 0x00, 0x00,
	0x00, 0x00, 0x00, 0x22, 0x22, 0x00, 0x00, 0x00,
	0x00, 0x00, 0x07, 0x22, 0x22, 0x20, 0x00, 0x00,
	0x00, 0x00, 0x02, 0x22, 0x22, 0x22, 0x00, 0x00,
	0x00, 0x00, 0x22, 0x22, 0x22, 0x22, 0x00, 0x00,
	0x00, 0x00, 0x22, 0x22, 0x22, 0x22, 0x00, 0x00,
	0x00, 0x00, 0x22, 0x22, 0x22, 0x50, 0x00, 0x00,
	0x00, 0x02, 0x22, 0x22, 0x25, 0x50, 0x00, 0x00,
	0x00, 0x02, 0x22, 0x22, 0x80, 0x00, 0x00, 0x00,
	0x00, 0x00, 0x22, 0x78, 0x88, 0x00, 0x00, 0x00,
	0x00, 0x00, 0x07, 0xa8, 0x88, 0x00, 0x00, 0x00,
	0x00, 0x00, 0x0a, 0x78, 0x88, 0x80, 0x00, 0x00,
	0x00, 0x00, 0x00, 0x88, 0x88, 0x88, 0x00, 0x00,
	0x00, 0x00, 0x08, 0x88, 0x81, 0x00, 0x00, 0x00,
	0x00, 0x00, 0x00, 0x01, 0x01, 0x00, 0x00, 0x00,
	0x00, 0x00, 0x00, 0x00, 0x01, 0x00, 0x00, 0x00,
	// img 49 (16x16)
	0x00, 0x00, 0x00, 0x00, 0x00, 0x00, 0x00, 0x00,
	0x00, 0x00, 0x00, 0x02, 0x22, 0x20, 0x00, 0x00,
	0x00, 0x00, 0x07, 0x72, 0x22, 0x22, 0x00, 0x00,
	0x00, 0x00, 0x07, 0x22, 0x22, 0x22, 0x20, 0x00,
	0x00, 0x00, 0x02, 0x22, 0x22, 0x22, 0x20, 0x00,
	0x00, 0x00, 0x02, 0x22, 0x22, 0x22, 0x20, 0x00,
	0x00, 0x00, 0x07, 0x52, 0x22, 0x22, 0x20, 0x00,
	0x00, 0x00, 0x07, 0x55, 0x22, 0x22, 0x22, 0x00,
	0x00, 0x00, 0x07, 0x77, 0x82, 0x22, 0x22, 0x00,
	0x00, 0x00, 0x07, 0xa8, 0x88, 0x02, 0x20, 0x00,
	0x00, 0x00, 0x0a, 0x78, 0x88, 0x00, 0x00, 0x00,
	0x00, 0x00, 0x00, 0x88, 0x88, 0x80, 0x00, 0x00,
	0x00, 0x00, 0x08, 0x88, 0x88, 0x80, 0x00, 0x00,
	0x00, 0x00, 0x00, 0x01, 0x88, 0x88, 0x00, 0x00,
	0x00, 0x00, 0x00, 0x01, 0x01, 0x00, 0x00, 0x00,
	0x00, 0x00, 0x00, 0x01, 0x00, 0x00, 0x00, 0x00,
	// img 50 (16x16)
	0x00, 0x00, 0x00, 0x00, 0x00, 0x00, 0x00, 0x00,
	0x00, 0x00, 0x00, 0x02, 0x22, 0x20, 0x00, 0x00,
	0x00, 0x00, 0x00, 0x22, 0x22, 0x22, 0x00, 0x00,
	0x00, 0x00, 0x02, 0x25, 0x52, 0x22, 0x00, 0x00,
	0x00, 0x00, 0x02, 0x55, 0x55, 0x22, 0x20, 0x00,
	0x00, 0x00, 0x02, 0x5a, 0x5a, 0x22, 0x20, 0x00,
	0x00, 0x00, 0x02, 0x55, 0x55, 0x52, 0x20, 0x00,
	0x00, 0x00, 0x00, 0x05, 0x55, 0x02, 0x20, 0x00,
	0x00, 0x00, 0x00, 0x00, 0x80, 0x70, 0x20, 0x00,
	0x00, 0x00, 0x00, 0xa8, 0x87, 0x67, 0x00, 0x00,
	0x00, 0x00, 0x00, 0x8a, 0x87, 0x67, 0x00, 0x00,
	0x00, 0x00, 0x00, 0x88, 0xa7, 0x77, 0x00, 0x00,
	0x00, 0x00, 0x08, 0x88, 0x87, 0x07, 0x00, 0x00,
	0x00, 0x00, 0x00, 0x08, 0x87, 0x77, 0x00, 0x00,
	0x00, 0x00, 0x00, 0x01, 0x01, 0x00, 0x00, 0x00,
	0x00, 0x00, 0x00, 0x01, 0x00, 0x00, 0x00, 0x00,
	// img 51 (16x16)
	0x00, 0x00, 0x00, 0x00, 0x00, 0x00, 0x00, 0x00,
	0x00, 0x00, 0x00, 0x22, 0x22, 0x00, 0x00, 0x00,
	0x00, 0x00, 0x02, 0x22, 0x22, 0x20, 0x00, 0x00,
	0x00, 0x00, 0x22, 0x22, 0x55, 0x22, 0x00, 0x00,
	0x00, 0x00, 0x22, 0x25, 0x55, 0x52, 0x00, 0x00,
	0x00, 0x00, 0x22, 0x2a, 0x5a, 0x52, 0x00, 0x00,
	0x00, 0x00, 0x22, 0x55, 0x55, 0x52, 0x00, 0x00,
	0x00, 0x02, 0x22, 0x05, 0x55, 0x70, 0x00, 0x00,
	0x00, 0x02, 0x20, 0x00, 0x87, 0x67, 0x00, 0x00,
	0x00, 0x00, 0x20, 0x08, 0x87, 0x67, 0x00, 0x00,
	0x00, 0x00, 0x00, 0xaa, 0x87, 0x77, 0x00, 0x00,
	0x00, 0x00, 0x00, 0x8a, 0xa7, 0x07, 0x00, 0x00,
	0x00, 0x00, 0x00, 0x88, 0x87, 0x77, 0x00, 0x00,
	0x00, 0x00, 0x08, 0x88, 0x8a, 0x00, 0x00, 0x00,
	0x00, 0x00, 0x00, 0x01, 0x01, 0x00, 0x00, 0x00,
	0x00, 0x00, 0x00, 0x00, 0x01, 0x00, 0x00, 0x00,
	// img 52 (16x16)
	0x00, 0x00, 0x00, 0x00, 0x00, 0x00, 0x00, 0x00,
	0x00, 0x00, 0x00, 0x00, 0x30, 0x00, 0x00, 0x00,
	0x00, 0x00, 0x00, 0x22, 0x32, 0x00, 0x00, 0x00,
	0x00, 0x00, 0x02, 0x22, 0x32, 0x22, 0x00, 0x00,
	0x00, 0x00, 0x00, 0x55, 0x22, 0x22, 0x20, 0x00,
	0x00, 0x00, 0x00, 0xa5, 0x22, 0x22, 0x20, 0x00,
	0x00, 0x00, 0x00, 0x55, 0x52, 0x22, 0x22, 0x00,
	0x77, 0x77, 0x77, 0x55, 0x55, 0x22, 0x22, 0x00,
	0x77, 0x77, 0x77, 0x70, 0x80, 0x02, 0x22, 0x00,
	0x76, 0x76, 0x77, 0x78, 0x88, 0x00, 0x00, 0x00,
	0x00, 0x00, 0x05, 0xaa, 0xa8, 0x00, 0x00, 0x00,
	0x00, 0x00, 0x00, 0x08, 0x88, 0x80, 0x00, 0x00,
	0x00, 0x00, 0x00, 0x88, 0x88, 0x80, 0x00, 0x00,
	0x00, 0x00, 0x00, 0x88, 0x88, 0x80, 0x00, 0x00,
	0x00, 0x00, 0x00, 0x00, 0x10, 0x00, 0x00, 0x00,
	0x00, 0x00, 0x00, 0x01, 0x10, 0x00, 0x00, 0x00,
	// img 53 (16x16)
	0x00, 0x00, 0x00, 0x00, 0x30, 0x00, 0x00, 0x00,
	0x00, 0x00, 0x00, 0x22, 0x32, 0x00, 0x00, 0x00,
	0x00, 0x00, 0x02, 0x22, 0x32, 0x20, 0x00, 0x00,
	0x00, 0x00, 0x00, 0x55, 0x22, 0x22, 0x00, 0x00,
	0x00, 0x00, 0x00, 0xa5, 0x22, 0x22, 0x00, 0x00,
	0x00, 0x00, 0x00, 0x55, 0x22, 0x22, 0x20, 0x00,
	0x00, 0x00, 0x00, 0x55, 0x52, 0x22, 0x20, 0x00,
	0x77, 0x77, 0x77, 0x00, 0x82, 0x22, 0x22, 0x00,
	0x77, 0x77, 0x77, 0x78, 0xa8, 0x20, 0x20, 0x00,
	0x76, 0x76, 0x77, 0x78, 0xa8, 0x00, 0x00, 0x00,
	0x00, 0x00, 0x05, 0xaa, 0x88, 0x80, 0x00, 0x00,
	0x00, 0x00, 0x00, 0x88, 0x88, 0x80, 0x00, 0x00,
	0x00, 0x00, 0x00, 0x88, 0x88, 0x80, 0x00, 0x00,
	0x00, 0x00, 0x01, 0x00, 0x00, 0x01, 0x00, 0x00,
	0x00, 0x00, 0x00, 0x10, 0x00, 0x10, 0x00, 0x00,
	0x00, 0x00, 0x00, 0x00, 0x00, 0x00, 0x00, 0x00,
	// img 54 (16x16)
	0x00, 0x00, 0x00, 0x00, 0x00, 0x00, 0x00, 0x00,
	0x00, 0x00, 0x00, 0x03, 0x00, 0x00, 0x00, 0x00,
	0x00, 0x00, 0x00, 0x23, 0x22, 0x00, 0x00, 0x00,
	0x00, 0x00, 0x22, 0x23, 0x22, 0x20, 0x00, 0x00,
	0x00, 0x02, 0x22, 0x22, 0x55, 0x00, 0x00, 0x00,
	0x00, 0x02, 0x22, 0x22, 0x5a, 0x00, 0x00, 0x00,
	0x00, 0x22, 0x22, 0x25, 0x55, 0x00, 0x00, 0x00,
	0x00, 0x22, 0x22, 0x55, 0x55, 0x77, 0x77, 0x77,
	0x00, 0x22, 0x20, 0x08, 0x07, 0x77, 0x77, 0x77,
	0x00, 0x00, 0x00, 0x88, 0x87, 0x77, 0x67, 0x67,
	0x00, 0x00, 0x00, 0x8a, 0xaa, 0x50, 0x00, 0x00,
	0x00, 0x00, 0x08, 0x88, 0x80, 0x00, 0x00, 0x00,
	0x00, 0x00, 0x08, 0x88, 0x88, 0x00, 0x00, 0x00,
	0x00, 0x00, 0x08, 0x88, 0x88, 0x00, 0x00, 0x00,
	0x00, 0x00, 0x00, 0x01, 0x00, 0x00, 0x00, 0x00,
	0x00, 0x00, 0x00, 0x01, 0x10, 0x00, 0x00, 0x00,
	// img 55 (16x16)
	0x00, 0x00, 0x00, 0x03, 0x00, 0x00, 0x00, 0x00,
	0x00, 0x00, 0x00, 0x23, 0x22, 0x00, 0x00, 0x00,
	0x00, 0x00, 0x02, 0x23, 0x22, 0x20, 0x00, 0x00,
	0x00, 0x00, 0x22, 0x22, 0x55, 0x00, 0x00, 0x00,
	0x00, 0x00, 0x22, 0x22, 0x5a, 0x00, 0x00, 0x00,
	0x00, 0x02, 0x22, 0x22, 0x55, 0x00, 0x00, 0x00,
	0x00, 0x02, 0x22, 0x25, 0x55, 0x00, 0x00, 0x00,
	0x00, 0x22, 0x22, 0x28, 0x00, 0x77, 0x77, 0x77,
	0x00, 0x02, 0x02, 0x8a, 0x87, 0x77, 0x77, 0x77,
	0x00, 0x00, 0x00, 0x8a, 0x87, 0x77, 0x67, 0x67,
	0x00, 0x00, 0x08, 0x88, 0xaa, 0x50, 0x00, 0x00,
	0x00, 0x00, 0x08, 0x88, 0x88, 0x00, 0x00, 0x00,
	0x00, 0x00, 0x08, 0x88, 0x88, 0x00, 0x00, 0x00,
	0x00, 0x00, 0x10, 0x00, 0x00, 0x10, 0x00, 0x00,
	0x00, 0x00, 0x01, 0x00, 0x01, 0x00, 0x00, 0x00,
	0x00, 0x00, 0x00, 0x00, 0x00, 0x00, 0x00, 0x00,
	// img 56 (16x16)
	0x00, 0x00, 0x00, 0x66, 0x70, 0x07, 0x77, 0x00,
	0x07, 0x77, 0x07, 0x77, 0x77, 0x07, 0x66, 0x70,
	0x76, 0x67, 0x07, 0xe7, 0xe7, 0x07, 0x77, 0x70,
	0x77, 0x77, 0x7e, 0x77, 0x7e, 0x77, 0x77, 0x70,
	0x77, 0x77, 0x7e, 0xee, 0xee, 0x70, 0x07, 0x70,
	0x77, 0x00, 0x77, 0x77, 0x77, 0x70, 0x77, 0x70,
	0x77, 0x70, 0x76, 0x67, 0x66, 0x70, 0x77, 0x70,
	0x77, 0x70, 0x77, 0x77, 0x77, 0x70, 0x77, 0x70,
	0x77, 0x70, 0x77, 0x67, 0x67, 0x00, 0x00, 0x40,
	0x04, 0x00, 0x07, 0x77, 0x77, 0x00, 0x07, 0x70,
	0x07, 0x70, 0x07, 0x77, 0x77, 0x00, 0x07, 0x70,
	0x07, 0x70, 0x07, 0x77, 0x44, 0x00, 0x00, 0x00,
	0x00, 0x00, 0x04, 0x40, 0x77, 0x70, 0x00, 0x00,
	0x00, 0x00, 0x77, 0x70, 0x77, 0x66, 0x00, 0x00,
	0x00, 0x06, 0x67, 0x70, 0x77, 0x77, 0x00, 0x00,
	0x00, 0x07, 0x77, 0x70, 0x00, 0x00, 0x00, 0x00,
	// img 57 (16x16)
	0x07, 0x77, 0x00, 0x66, 0x70, 0x00, 0x00, 0x00,
	0x76, 0x67, 0x07, 0x77, 0x77, 0x07, 0x77, 0x00,
	0x77, 0x77, 0x07, 0xe7, 0xe7, 0x07, 0x66, 0x70,
	0x77, 0x77, 0x7e, 0x77, 0x7e, 0x77, 0x77, 0x70,
	0x77, 0x00, 0x7e, 0xee, 0xee, 0x77, 0x77, 0x70,
	0x77, 0x70, 0x77, 0x77, 0x77, 0x70, 0x07, 0x70,
	0x77, 0x70, 0x76, 0x67, 0x66, 0x70, 0x77, 0x70,
	0x77, 0x70, 0x77, 0x77, 0x77, 0x70, 0x77, 0x70,
	0x40, 0x00, 0x77, 0x67, 0x67, 0x70, 0x77, 0x70,
	0x77, 0x00, 0x07, 0x77, 0x77, 0x00, 0x04, 0x00,
	0x77, 0x00, 0x07, 0x77, 0x77, 0x00, 0x77, 0x00,
	0x00, 0x00, 0x04, 0x47, 0x77, 0x00, 0x77, 0x00,
	0x00, 0x00, 0x77, 0x70, 0x44, 0x00, 0x00, 0x00,
	0x00, 0x06, 0x67, 0x70, 0x77, 0x70, 0x00, 0x00,
	0x00, 0x07, 0x77, 0x70, 0x77, 0x66, 0x00, 0x00,
	0x00, 0x00, 0x00, 0x00, 0x77, 0x77, 0x00, 0x00,
	// img 58 (16x16)
	0x00, 0x00, 0x00, 0x00, 0x00, 0x00, 0x00, 0x00,
	0x09, 0x99, 0x99, 0x99, 0x99, 0x99, 0x99, 0x00,
	0x09, 0x00, 0x00, 0x00, 0x00, 0x00, 0x09, 0x00,
	0x09, 0x00, 0x00, 0x00, 0x00, 0x00, 0x09, 0x00,
	0x09, 0x00, 0x00, 0x00, 0x00, 0x00, 0x09, 0x00,
	0x09, 0x00, 0x00, 0x00, 0x00, 0x00, 0x09, 0x00,
	0x09, 0x00, 0x00, 0x00, 0x00, 0x00, 0x09, 0x00,
	0x09, 0x00, 0x00, 0x00, 0x00, 0x00, 0x09, 0x00,
	0x09, 0x00, 0x00, 0x00, 0x00, 0x00, 0x09, 0x00,
	0x09, 0x00, 0x00, 0x00, 0x00, 0x00, 0x09, 0x00,
	0x09, 0x00, 0x00, 0x00, 0x00, 0x00, 0x09, 0x00,
	0x09, 0x00, 0x00, 0x00, 0x00, 0x00, 0x09, 0x00,
	0x09, 0x00, 0x00, 0x00, 0x00, 0x00, 0x09, 0x00,
	0x09, 0x99, 0x99, 0x99, 0x99, 0x99, 0x99, 0x00,
	0x00, 0x00, 0x00, 0x00, 0x00, 0x00, 0x00, 0x00,
	0x00, 0x00, 0x00, 0x00, 0x00, 0x00, 0x00, 0x00,
	// img 59 (16x16)
	0x00, 0x00, 0x09, 0x90, 0x00, 0x00, 0x00, 0x00,
	0x00, 0x00, 0x90, 0x09, 0x90, 0x00, 0x00, 0x00,
	0x00, 0x00, 0x90, 0x00, 0x09, 0x90, 0x00, 0x00,
	0x00, 0x09, 0x00, 0x00, 0x00, 0x09, 0x90, 0x00,
	0x00, 0x09, 0x00, 0x00, 0x00, 0x00, 0x09, 0x90,
	0x00, 0x90, 0x00, 0x00, 0x00, 0x00, 0x00, 0x09,
	0x00, 0x90, 0x00, 0x00, 0x00, 0x00, 0x00, 0x09,
	0x09, 0x00, 0x00, 0x00, 0x00, 0x00, 0x00, 0x90,
	0x09, 0x00, 0x00, 0x00, 0x00, 0x00, 0x00, 0x90,
	0x90, 0x00, 0x00, 0x00, 0x00, 0x00, 0x09, 0x00,
	0x90, 0x00, 0x00, 0x00, 0x00, 0x00, 0x09, 0x00,
	0x09, 0x90, 0x00, 0x00, 0x00, 0x00, 0x90, 0x00,
	0x00, 0x09, 0x90, 0x00, 0x00, 0x00, 0x90, 0x00,
	0x00, 0x00, 0x09, 0x90, 0x00, 0x09, 0x00, 0x00,
	0x00, 0x00, 0x00, 0x09, 0x90, 0x09, 0x00, 0x00,
	0x00, 0x00, 0x00, 0x00, 0x09, 0x90, 0x00, 0x00,
	// img 60 (16x16)
	0x00, 0x00, 0x00, 0x09, 0x90, 0x00, 0x00, 0x00,
	0x00, 0x00, 0x00, 0x90, 0x09, 0x00, 0x00, 0x00,
	0x00, 0x00, 0x09, 0x00, 0x00, 0x90, 0x00, 0x00,
	0x00, 0x00, 0x90, 0x00, 0x00, 0x09, 0x00, 0x00,
	0x00, 0x09, 0x00, 0x00, 0x00, 0x00, 0x90, 0x00,
	0x00, 0x90, 0x00, 0x00, 0x00, 0x00, 0x09, 0x00,
	0x09, 0x00, 0x00, 0x00, 0x00, 0x00, 0x00, 0x90,
	0x90, 0x00, 0x00, 0x00, 0x00, 0x00, 0x00, 0x09,
	0x90, 0x00, 0x00, 0x00, 0x00, 0x00, 0x00, 0x09,
	0x09, 0x00, 0x00, 0x00, 0x00, 0x00, 0x00, 0x90,
	0x00, 0x90, 0x00, 0x00, 0x00, 0x00, 0x09, 0x00,
	0x00, 0x09, 0x00, 0x00, 0x00, 0x00, 0x90, 0x00,
	0x00, 0x00, 0x90, 0x00, 0x00, 0x09, 0x00, 0x00,
	0x00, 0x00, 0x09, 0x00, 0x00, 0x90, 0x00, 0x00,
	0x00, 0x00, 0x00, 0x90, 0x09, 0x00, 0x00, 0x00,
	0x00, 0x00, 0x00, 0x09, 0x90, 0x00, 0x00, 0x00,
	// img 61 (16x16)
	0x00, 0x00, 0x00, 0x00, 0x09, 0x90, 0x00, 0x00,
	0x00, 0x00, 0x00, 0x09, 0x90, 0x09, 0x00, 0x00,
	0x00, 0x00, 0x09, 0x90, 0x00, 0x09, 0x00, 0x00,
	0x00, 0x09, 0x90, 0x00, 0x00, 0x00, 0x90, 0x00,
	0x09, 0x90, 0x00, 0x00, 0x00, 0x00, 0x90, 0x00,
	0x90, 0x00, 0x00, 0x00, 0x00, 0x00, 0x09, 0x00,
	0x90, 0x00, 0x00, 0x00, 0x00, 0x00, 0x09, 0x00,
	0x09, 0x00, 0x00, 0x00, 0x00, 0x00, 0x00, 0x90,
	0x09, 0x00, 0x00, 0x00, 0x00, 0x00, 0x00, 0x90,
	0x00, 0x90, 0x00, 0x00, 0x00, 0x00, 0x00, 0x09,
	0x00, 0x90, 0x00, 0x00, 0x00, 0x00, 0x00, 0x09,
	0x00, 0x09, 0x00, 0x00, 0x00, 0x00, 0x09, 0x90,
	0x00, 0x09, 0x00, 0x00, 0x00, 0x09, 0x90, 0x00,
	0x00, 0x00, 0x90, 0x00, 0x09, 0x90, 0x00, 0x00,
	0x00, 0x00, 0x90, 0x09, 0x90, 0x00, 0x00, 0x00,
	0x00, 0x00, 0x09, 0x90, 0x00, 0x00, 0x00, 0x00,
	// img 62 (16x16)
	0x00, 0x00, 0x00, 0x00, 0x00, 0x00, 0x00, 0x00,
	0x00, 0x00, 0x00, 0x00, 0x00, 0x00, 0x00, 0x00,
	0x00, 0x00, 0x00, 0x00, 0x00, 0x00, 0x00, 0x00,
	0x00, 0x00, 0x00, 0x00, 0x00, 0x00, 0x00, 0x00,
	0x00, 0x00, 0x00, 0x00, 0x00, 0x00, 0x00, 0x00,
	0x00, 0x00, 0x00, 0x00, 0x00, 0x00, 0x00, 0x00,
	0x00, 0x00, 0x00, 0x00, 0x00, 0x00, 0x00, 0x00,
	0x00, 0x00, 0x00, 0x00, 0x00, 0x00, 0x00, 0x00,
	0x00, 0x00, 0x00, 0x00, 0x00, 0x00, 0x00, 0x00,
	0x00, 0x00, 0x00, 0x00, 0x00, 0x00, 0x00, 0x00,
	0x00, 0x00, 0x00, 0x00, 0x00, 0x00, 0x00, 0x00,
	0x00, 0x00, 0x00, 0x00, 0x00, 0x00, 0x00, 0x00,
	0x00, 0x00, 0x00, 0x00, 0x00, 0x00, 0x00, 0x00,
	0x00, 0x00, 0x00, 0x00, 0x00, 0x00, 0x00, 0x00,
	0x00, 0x00, 0x00, 0x00, 0x00, 0x00, 0x00, 0x00,
	0x00, 0x00, 0x00, 0x00, 0x00, 0x00, 0x00, 0x00,
	// img 63 (16x16)
	0x00, 0x00, 0x00, 0x00, 0x00, 0x00, 0x00, 0x00,
	0x00, 0x00, 0x00, 0x00, 0x00, 0x00, 0x00, 0x00,
	0x00, 0x00, 0x00, 0x00, 0x00, 0x00, 0x00, 0x00,
	0x00, 0x00, 0x00, 0x00, 0x00, 0x00, 0x00, 0x00,
	0x00, 0x00, 0x00, 0x00, 0x00, 0x00, 0x00, 0x00,
	0x00, 0x00, 0x00, 0x00, 0x00, 0x00, 0x00, 0x00,
	0x00, 0x00, 0x00, 0x00, 0x00, 0x00, 0x00, 0x00,
	0x00, 0x00, 0x00, 0x00, 0x00, 0x00, 0x00, 0x00,
	0x00, 0x00, 0x00, 0x00, 0x00, 0x00, 0x00, 0x00,
	0x00, 0x00, 0x00, 0x00, 0x00, 0x00, 0x00, 0x00,
	0x00, 0x00, 0x00, 0x00, 0x00, 0x00, 0x00, 0x00,
	0x00, 0x00, 0x00, 0x00, 0x00, 0x00, 0x00, 0x00,
	0x00, 0x00, 0x00, 0x00, 0x00, 0x00, 0x00, 0x00,
	0x00, 0x00, 0x00, 0x00, 0x00, 0x00, 0x00, 0x00,
	0x00, 0x00, 0x00, 0x00, 0x00, 0x00, 0x00, 0x00,
	0x00, 0x00, 0x00, 0x00, 0x00, 0x00, 0x00, 0x00,
	// img 64 (16x16)
	0x00, 0x00, 0x00, 0x00, 0x00, 0x00, 0x00, 0x00,
	0x00, 0x00, 0x00, 0x00, 0x00, 0x00, 0x00, 0x00,
	0x00, 0x00, 0x00, 0x00, 0x00, 0x00, 0x00, 0x00,
	0x00, 0x00, 0x00, 0x00, 0x00, 0x00, 0x00, 0x00,
	0x00, 0x00, 0x00, 0x01, 0x00, 0x00, 0x00, 0x00,
	0x00, 0x00, 0x00, 0x01, 0x00, 0x00, 0x00, 0x00,
	0x00, 0x00, 0x00, 0x01, 0x00, 0x00, 0x00, 0x00,
	0x00, 0x00, 0x00, 0x01, 0x00, 0x00, 0x00, 0x00,
	0x00, 0x00, 0x00, 0x01, 0x00, 0x00, 0x00, 0x00,
	0x00, 0x00, 0x00, 0x01, 0x00, 0x00, 0x00, 0x00,
	0x00, 0x00, 0x00, 0x01, 0x00, 0x00, 0x00, 0x00,
	0x00, 0x00, 0x00, 0x01, 0x00, 0x00, 0x00, 0x00,
	0x00, 0x00, 0x00, 0x00, 0x00, 0x00, 0x00, 0x00,
	0x00, 0x00, 0x00, 0x00, 0x00, 0x00, 0x00, 0x00,
	0x00, 0x00, 0x00, 0x00, 0x00, 0x00, 0x00, 0x00,
	0x00, 0x00, 0x00, 0x00, 0x00, 0x00, 0x00, 0x00,
	// img 65 (16x16)
	0x00, 0x00, 0x00, 0x00, 0x00, 0x00, 0x00, 0x00,
	0x00, 0x00, 0x00, 0x00, 0x00, 0x00, 0x00, 0x00,
	0x00, 0x00, 0x00, 0x00, 0x00, 0x00, 0x00, 0x00,
	0x00, 0x00, 0x00, 0x00, 0x00, 0x00, 0x00, 0x00,
	0x00, 0x00, 0x00, 0x00, 0x00, 0x01, 0x10, 0x00,
	0x00, 0x00, 0x00, 0x00, 0x00, 0x11, 0x00, 0x00,
	0x00, 0x00, 0x00, 0x00, 0x01, 0x10, 0x00, 0x00,
	0x00, 0x00, 0x00, 0x00, 0x11, 0x00, 0x00, 0x00,
	0x00, 0x00, 0x00, 0x01, 0x10, 0x00, 0x00, 0x00,
	0x00, 0x00, 0x00, 0x11, 0x00, 0x00, 0x00, 0x00,
	0x00, 0x00, 0x01, 0x10, 0x00, 0x00, 0x00, 0x00,
	0x00, 0x00, 0x11, 0x00, 0x00, 0x00, 0x00, 0x00,
	0x00, 0x00, 0x00, 0x00, 0x00, 0x00, 0x00, 0x00,
	0x00, 0x00, 0x00, 0x00, 0x00, 0x00, 0x00, 0x00,
	0x00, 0x00, 0x00, 0x00, 0x00, 0x00, 0x00, 0x00,
	0x00, 0x00, 0x00, 0x00, 0x00, 0x00, 0x00, 0x00,
	// img 66 (16x16)
	0x00, 0x00, 0x00, 0x00, 0x00, 0x00, 0x00, 0x00,
	0x00, 0x00, 0x00, 0x00, 0x00, 0x00, 0x00, 0x00,
	0x00, 0x00, 0x00, 0x00, 0x00, 0x00, 0x00, 0x00,
	0x00, 0x00, 0x00, 0x00, 0x00, 0x00, 0x00, 0x00,
	0x00, 0x00, 0x00, 0x00, 0x00, 0x00, 0x00, 0x00,
	0x00, 0x00, 0x00, 0x00, 0x00, 0x00, 0x00, 0x00,
	0x00, 0x00, 0x00, 0x00, 0x00, 0x00, 0x00, 0x00,
	0x00, 0x01, 0x11, 0x11, 0x11, 0x11, 0x10, 0x00,
	0x00, 0x00, 0x00, 0x00, 0x00, 0x00, 0x00, 0x00,
	0x00, 0x00, 0x00, 0x00, 0x00, 0x00, 0x00, 0x00,
	0x00, 0x00, 0x00, 0x00, 0x00, 0x00, 0x00, 0x00,
	0x00, 0x00, 0x00, 0x00, 0x00, 0x00, 0x00, 0x00,
	0x00, 0x00, 0x00, 0x00, 0x00, 0x00, 0x00, 0x00,
	0x00, 0x00, 0x00, 0x00, 0x00, 0x00, 0x00, 0x00,
	0x00, 0x00, 0x00, 0x00, 0x00, 0x00, 0x00, 0x00,
	0x00, 0x00, 0x00, 0x00, 0x00, 0x00, 0x00, 0x00,
	// img 67 (16x16)
	0x00, 0x00, 0x00, 0x00, 0x00, 0x00, 0x00, 0x00,
	0x00, 0x00, 0x00, 0x00, 0x00, 0x00, 0x00, 0x00,
	0x00, 0x00, 0x00, 0x00, 0x00, 0x00, 0x00, 0x00,
	0x00, 0x00, 0x00, 0x00, 0x00, 0x00, 0x00, 0x00,
	0x00, 0x00, 0x10, 0x00, 0x00, 0x00, 0x00, 0x00,
	0x00, 0x00, 0x11, 0x00, 0x00, 0x00, 0x00, 0x00,
	0x00, 0x00, 0x01, 0x10, 0x00, 0x00, 0x00, 0x00,
	0x00, 0x00, 0x00, 0x11, 0x00, 0x00, 0x00, 0x00,
	0x00, 0x00, 0x00, 0x01, 0x10, 0x00, 0x00, 0x00,
	0x00, 0x00, 0x00, 0x00, 0x11, 0x00, 0x00, 0x00,
	0x00, 0x00, 0x00, 0x00, 0x01, 0x10, 0x00, 0x00,
	0x00, 0x00, 0x00, 0x00, 0x00, 0x11, 0x00, 0x00,
	0x00, 0x00, 0x00, 0x00, 0x00, 0x01, 0x00, 0x00,
	0x00, 0x00, 0x00, 0x00, 0x00, 0x00, 0x00, 0x00,
	0x00, 0x00, 0x00, 0x00, 0x00, 0x00, 0x00, 0x00,
	0x00, 0x00, 0x00, 0x00, 0x00, 0x00, 0x00, 0x00,
	// img 68 (16x16)
	0x00, 0x00, 0x00, 0x00, 0x00, 0x00, 0x00, 0x00,
	0x00, 0x00, 0x00, 0x00, 0x00, 0x00, 0x00, 0x00,
	0x00, 0x00, 0x00, 0xff, 0xff, 0x00, 0x00, 0x00,
	0x00, 0x00, 0x00, 0xff, 0xff, 0x00, 0x00, 0x00,
	0x00, 0x00, 0x00, 0xff, 0xff, 0x00, 0x00, 0x00,
	0x00, 0x00, 0x00, 0xff, 0xff, 0x00, 0x00, 0x00,
	0x00, 0x00, 0x00, 0xff, 0xff, 0x00, 0x00, 0x00,
	0x00, 0x00, 0x00, 0xff, 0xff, 0x00, 0x00, 0x00,
	0x00, 0x00, 0x00, 0xff, 0xff, 0x00, 0x00, 0x00,
	0x00, 0x00, 0x00, 0xff, 0xff, 0x00, 0x00, 0x00,
	0x00, 0x00, 0x00, 0xff, 0xff, 0x00, 0x00, 0x00,
	0x00, 0x00, 0x00, 0xff, 0xff, 0x00, 0x00, 0x00,
	0x00, 0x00, 0x00, 0xff, 0xff, 0x00, 0x00, 0x00,
	0x00, 0x00, 0x00, 0xff, 0xff, 0x00, 0x00, 0x00,
	0x00, 0x00, 0x00, 0x00, 0x00, 0x00, 0x00, 0x00,
	0x00, 0x00, 0x00, 0x00, 0x00, 0x00, 0x00, 0x00,
	// img 69 (16x16)
	0x00, 0x00, 0x00, 0x00, 0x00, 0x00, 0x00, 0x00,
	0x00, 0x00, 0x00, 0x00, 0x00, 0x00, 0x00, 0x00,
	0x00, 0x00, 0x00, 0x00, 0x00, 0x00, 0x00, 0x00,
	0x00, 0x00, 0x00, 0x00, 0x00, 0x0f, 0x00, 0x00,
	0x00, 0x00, 0x00, 0x00, 0x00, 0xff, 0xf0, 0x00,
	0x00, 0x00, 0x00, 0x00, 0x0f, 0xff, 0xff, 0x00,
	0x00, 0x00, 0x00, 0x00, 0xff, 0xff, 0xf0, 0x00,
	0x00, 0x00, 0x00, 0x0f, 0xff, 0xff, 0x00, 0x00,
	0x00, 0x00, 0x00, 0xff, 0xff, 0xf0, 0x00, 0x00,
	0x00, 0x00, 0x0f, 0xff, 0xff, 0x00, 0x00, 0x00,
	0x00, 0x00, 0xff, 0xff, 0xf0, 0x00, 0x00, 0x00,
	0x00, 0x0f, 0xff, 0xff, 0x00, 0x00, 0x00, 0x00,
	0x00, 0x00, 0xff, 0xf0, 0x00, 0x00, 0x00, 0x00,
	0x00, 0x00, 0x0f, 0x00, 0x00, 0x00, 0x00, 0x00,
	0x00, 0x00, 0x00, 0x00, 0x00, 0x00, 0x00, 0x00,
	0x00, 0x00, 0x00, 0x00, 0x00, 0x00, 0x00, 0x00,
	// img 70 (16x16)
	0x00, 0x00, 0x00, 0x00, 0x00, 0x00, 0x00, 0x00,
	0x00, 0x00, 0x00, 0x00, 0x00, 0x00, 0x00, 0x00,
	0x00, 0x00, 0x00, 0x00, 0x00, 0x00, 0x00, 0x00,
	0x00, 0x00, 0x00, 0x00, 0x00, 0x00, 0x00, 0x00,
	0x00, 0x00, 0x00, 0x00, 0x00, 0x00, 0x00, 0x00,
	0x00, 0x00, 0x00, 0x00, 0x00, 0x00, 0x00, 0x00,
	0x00, 0xff, 0xff, 0xff, 0xff, 0xff, 0xff, 0x00,
	0x00, 0xff, 0xff, 0xff, 0xff, 0xff, 0xff, 0x00,
	0x00, 0xff, 0xff, 0xff, 0xff, 0xff, 0xff, 0x00,
	0x00, 0xff, 0xff, 0xff, 0xff, 0xff, 0xff, 0x00,
	0x00, 0x00, 0x00, 0x00, 0x00, 0x00, 0x00, 0x00,
	0x00, 0x00, 0x00, 0x00, 0x00, 0x00, 0x00, 0x00,
	0x00, 0x00, 0x00, 0x00, 0x00, 0x00, 0x00, 0x00,
	0x00, 0x00, 0x00, 0x00, 0x00, 0x00, 0x00, 0x00,
	0x00, 0x00, 0x00, 0x00, 0x00, 0x00, 0x00, 0x00,
	0x00, 0x00, 0x00, 0x00, 0x00, 0x00, 0x00, 0x00,
	// img 71 (16x16)
	0x00, 0x00, 0x00, 0x00, 0x00, 0x00, 0x00, 0x00,
	0x00, 0x00, 0x00, 0x00, 0x00, 0x00, 0x00, 0x00,
	0x00, 0x00, 0x00, 0x00, 0x00, 0x00, 0x00, 0x00,
	0x00, 0x00, 0x0f, 0x00, 0x00, 0x00, 0x00, 0x00,
	0x00, 0x00, 0xff, 0xf0, 0x00, 0x00, 0x00, 0x00,
	0x00, 0x0f, 0xff, 0xff, 0x00, 0x00, 0x00, 0x00,
	0x00, 0x00, 0xff, 0xff, 0xf0, 0x00, 0x00, 0x00,
	0x00, 0x00, 0x0f, 0xff, 0xff, 0x00, 0x00, 0x00,
	0x00, 0x00, 0x00, 0xff, 0xff, 0xf0, 0x00, 0x00,
	0x00, 0x00, 0x00, 0x0f, 0xff, 0xff, 0x00, 0x00,
	0x00, 0x00, 0x00, 0x00, 0xff, 0xff, 0xf0, 0x00,
	0x00, 0x00, 0x00, 0x00, 0x0f, 0xff, 0xff, 0x00,
	0x00, 0x00, 0x00, 0x00, 0x00, 0xff, 0xf0, 0x00,
	0x00, 0x00, 0x00, 0x00, 0x00, 0x0f, 0x00, 0x00,
	0x00, 0x00, 0x00, 0x00, 0x00, 0x00, 0x00, 0x00,
	0x00, 0x00, 0x00, 0x00, 0x00, 0x00, 0x00, 0x00,
	// img 72 (16x16)
	0x00, 0x00, 0x00, 0x00, 0x00, 0x00, 0x00, 0x00,
	0x00, 0x00, 0x0f, 0xff, 0xff, 0xf0, 0x00, 0x00,
	0x00, 0x00, 0x0f, 0xff, 0xff, 0xf0, 0x00, 0x00,
	0x00, 0x00, 0x0f, 0xff, 0xff, 0xf0, 0x00, 0x00,
	0x00, 0x00, 0x0f, 0xff, 0xff, 0xf0, 0x00, 0x00,
	0x00, 0x00, 0x0f, 0xff, 0xff, 0xf0, 0x00, 0x00,
	0x00, 0x00, 0x0f, 0xff, 0xff, 0xf0, 0x00, 0x00,
	0x00, 0x00, 0x0f, 0xff, 0xff, 0xf0, 0x00, 0x00,
	0x00, 0x00, 0x0f, 0xff, 0xff, 0xf0, 0x00, 0x00,
	0x00, 0x00, 0x0f, 0xff, 0xff, 0xf0, 0x00, 0x00,
	0x00, 0x00, 0x0f, 0xff, 0xff, 0xf0, 0x00, 0x00,
	0x00, 0x00, 0x0f, 0xff, 0xff, 0xf0, 0x00, 0x00,
	0x00, 0x00, 0x0f, 0xff, 0xff, 0xf0, 0x00, 0x00,
	0x00, 0x00, 0x0f, 0xff, 0xff, 0xf0, 0x00, 0x00,
	0x00, 0x00, 0x0f, 0xff, 0xff, 0xf0, 0x00, 0x00,
	0x00, 0x00, 0x00, 0x00, 0x00, 0x00, 0x00, 0x00,
	// img 73 (16x16)
	0x00, 0x00, 0x00, 0x00, 0x00, 0x00, 0x00, 0x00,
	0x00, 0x00, 0x00, 0x00, 0x00, 0x0f, 0x00, 0x00,
	0x00, 0x00, 0x00, 0x00, 0x00, 0xff, 0xf0, 0x00,
	0x00, 0x00, 0x00, 0x00, 0x0f, 0xff, 0xff, 0x00,
	0x00, 0x00, 0x00, 0x00, 0xff, 0xff, 0xff, 0xf0,
	0x00, 0x00, 0x00, 0x0f, 0xff, 0xff, 0xff, 0xff,
	0x00, 0x00, 0x00, 0xff, 0xff, 0xff, 0xff, 0xf0,
	0x00, 0x00, 0x0f, 0xff, 0xff, 0xff, 0xff, 0x00,
	0x00, 0x00, 0xff, 0xff, 0xff, 0xff, 0xf0, 0x00,
	0x00, 0x0f, 0xff, 0xff, 0xff, 0xff, 0x00, 0x00,
	0x00, 0xff, 0xff, 0xff, 0xff, 0xf0, 0x00, 0x00,
	0x0f, 0xff, 0xff, 0xff, 0xff, 0x00, 0x00, 0x00,
	0x00, 0xff, 0xff, 0xff, 0xf0, 0x00, 0x00, 0x00,
	0x00, 0x0f, 0xff, 0xff, 0x00, 0x00, 0x00, 0x00,
	0x00, 0x00, 0xff, 0xf0, 0x00, 0x00, 0x00, 0x00,
	0x00, 0x00, 0x0f, 0x00, 0x00, 0x00, 0x00, 0x00,
	// img 74 (16x16)
	0x00, 0x00, 0x00, 0x00, 0x00, 0x00, 0x00, 0x00,
	0x00, 0x00, 0x00, 0x00, 0x00, 0x00, 0x00, 0x00,
	0x00, 0x00, 0x00, 0x00, 0x00, 0x00, 0x00, 0x00,
	0x00, 0x00, 0x00, 0x00, 0x00, 0x00, 0x00, 0x00,
	0x00, 0x00, 0x00, 0x00, 0x00, 0x00, 0x00, 0x00,
	0x0f, 0xff, 0xff, 0xff, 0xff, 0xff, 0xff, 0xf0,
	0x0f, 0xff, 0xff, 0xff, 0xff, 0xff, 0xff, 0xf0,
	0x0f, 0xff, 0xff, 0xff, 0xff, 0xff, 0xff, 0xf0,
	0x0f, 0xff, 0xff, 0xff, 0xff, 0xff, 0xff, 0xf0,
	0x0f, 0xff, 0xff, 0xff, 0xff, 0xff, 0xff, 0xf0,
	0x0f, 0xff, 0xff, 0xff, 0xff, 0xff, 0xff, 0xf0,
	0x00, 0x00, 0x00, 0x00, 0x00, 0x00, 0x00, 0x00,
	0x00, 0x00, 0x00, 0x00, 0x00, 0x00, 0x00, 0x00,
	0x00, 0x00, 0x00, 0x00, 0x00, 0x00, 0x00, 0x00,
	0x00, 0x00, 0x00, 0x00, 0x00, 0x00, 0x00, 0x00,
	0x00, 0x00, 0x00, 0x00, 0x00, 0x00, 0x00, 0x00,
	// img 75 (16x16)
	0x00, 0x00, 0x00, 0x00, 0x00, 0x00, 0x00, 0x00,
	0x00, 0x00, 0x0f, 0x00, 0x00, 0x00, 0x00, 0x00,
	0x00, 0x00, 0xff, 0xf0, 0x00, 0x00, 0x00, 0x00,
	0x00, 0x0f, 0xff, 0xff, 0x00, 0x00, 0x00, 0x00,
	0x00, 0xff, 0xff, 0xff, 0xf0, 0x00, 0x00, 0x00,
	0x0f, 0xff, 0xff, 0xff, 0xff, 0x00, 0x00, 0x00,
	0x00, 0xff, 0xff, 0xff, 0xff, 0xf0, 0x00, 0x00,
	0x00, 0x0f, 0xff, 0xff, 0xff, 0xff, 0x00, 0x00,
	0x00, 0x00, 0xff, 0xff, 0xff, 0xff, 0xf0, 0x00,
	0x00, 0x00, 0x0f, 0xff, 0xff, 0xff, 0xff, 0x00,
	0x00, 0x00, 0x00, 0xff, 0xff, 0xff, 0xff, 0xf0,
	0x00, 0x00, 0x00, 0x0f, 0xff, 0xff, 0xff, 0xff,
	0x00, 0x00, 0x00, 0x00, 0xff, 0xff, 0xff, 0xf0,
	0x00, 0x00, 0x00, 0x00, 0x0f, 0xff, 0xff, 0x00,
	0x00, 0x00, 0x00, 0x00, 0x00, 0xff, 0xf0, 0x00,
	0x00, 0x00, 0x00, 0x00, 0x00, 0x0f, 0x00, 0x00,
	// img 76 (16x16)
	0x00, 0x00, 0x00, 0xaa, 0xaa, 0xa0, 0x00, 0x00,
	0x00, 0x00, 0xaa, 0x00, 0x00, 0x0a, 0xa0, 0x00,
	0x00, 0x0a, 0x01, 0x99, 0x09, 0x90, 0x0a, 0x00,
	0x00, 0xa0, 0x19, 0xa9, 0xa9, 0xa9, 0x90, 0xa0,
	0x00, 0xa0, 0x8a, 0x8a, 0x9a, 0x9a, 0x90, 0xa0,
	0x0a, 0x00, 0x8a, 0x99, 0x8a, 0x89, 0xa9, 0x0a,
	0x0a, 0x00, 0x98, 0xa8, 0xa8, 0xa8, 0x99, 0x0a,
	0x0a, 0x08, 0x9a, 0x8a, 0x9a, 0x9a, 0x89, 0x0a,
	0x0a, 0x09, 0xa8, 0xa9, 0x99, 0xa9, 0x9a, 0x0a,
	0x0a, 0x0a, 0x89, 0x99, 0xa9, 0x98, 0xa8, 0x0a,
	0x0a, 0x0a, 0x89, 0xa8, 0xa9, 0x89, 0xa9, 0x0a,
	0x0a, 0x08, 0x8a, 0x98, 0x9a, 0xaa, 0x89, 0x0a,
	0x0a, 0x00, 0x98, 0x89, 0x09, 0xa9, 0x00, 0x0a,
	0x0a, 0xaa, 0xaa, 0xaa, 0xaa, 0xaa, 0xaa, 0xaa,
	0x00, 0xaa, 0xaa, 0xaa, 0xaa, 0xaa, 0xaa, 0xa0,
	0x00, 0x0f, 0xff, 0xff, 0xff, 0xff, 0xff, 0x00,
	// img 77 (16x16)
	0x00, 0x00, 0x00, 0x00, 0x00, 0x00, 0x00, 0x00,
	0x00, 0x00, 0x00, 0xaa, 0xaa, 0xa0, 0x00, 0x00,
	0x00, 0x00, 0xaa, 0x00, 0x00, 0x0a, 0xa0, 0x00,
	0x00, 0x0a, 0x01, 0x00, 0x00, 0x00, 0x0a, 0x00,
	0x00, 0xa0, 0x10, 0x99, 0x08, 0x90, 0x00, 0xa0,
	0x00, 0xa0, 0x99, 0xa9, 0xa9, 0xa9, 0x90, 0xa0,
	0x0a, 0x09, 0x8a, 0x9a, 0x8a, 0x89, 0x99, 0x0a,
	0x0a, 0x08, 0x9a, 0x8a, 0x9a, 0x9a, 0x99, 0x0a,
	0x0a, 0x99, 0xa8, 0x9a, 0x99, 0xa8, 0x9a, 0x9a,
	0x0a, 0x8a, 0x89, 0x99, 0xa9, 0x89, 0xa8, 0x9a,
	0x0a, 0x88, 0x9a, 0xa8, 0x9a, 0xaa, 0x88, 0x9a,
	0x0a, 0x09, 0xa8, 0x89, 0xa9, 0x8a, 0x99, 0x0a,
	0x0a, 0x00, 0x99, 0x99, 0x09, 0xa9, 0x00, 0x0a,
	0x0a, 0xaa, 0xaa, 0xaa, 0xaa, 0xaa, 0xaa, 0xaa,
	0x00, 0xaa, 0xaa, 0xaa, 0xaa, 0xaa, 0xaa, 0xa0,
	0x00, 0x0f, 0xff, 0xff, 0xff, 0xff, 0xff, 0x00,
	// img 78 (16x16)
	0x00, 0x00, 0x00, 0x66, 0x70, 0x07, 0x77, 0x00,
	0x07, 0x77, 0x07, 0x77, 0x77, 0x07, 0x66, 0x70,
	0x76, 0x67, 0x0f, 0xf7, 0xff, 0x07, 0x77, 0x70,
	0x77, 0x77, 0x77, 0x77, 0x77, 0x77, 0x77, 0x70,
	0x77, 0x77, 0x77, 0xee, 0xe7, 0x70, 0x07, 0x70,
	0x77, 0x00, 0x70, 0x00, 0x00, 0x70, 0x77, 0x70,
	0x77, 0x70, 0x70, 0x66, 0x60, 0x70, 0x77, 0x70,
	0x77, 0x70, 0x77, 0x77, 0x77, 0x70, 0x77, 0x70,
	0x77, 0x70, 0x77, 0x67, 0x67, 0x00, 0x00, 0x40,
	0x04, 0x00, 0x07, 0x77, 0x77, 0x00, 0x07, 0x70,
	0x07, 0x70, 0x07, 0x77, 0x77, 0x00, 0x07, 0x70,
	0x07, 0x70, 0x07, 0x77, 0x44, 0x00, 0x00, 0x00,
	0x00, 0x00, 0x04, 0x40, 0x77, 0x70, 0x00, 0x00,
	0x00, 0x00, 0x77, 0x70, 0x77, 0x66, 0x00, 0x00,
	0x00, 0x06, 0x67, 0x70, 0x77, 0x77, 0x00, 0x00,
	0x00, 0x07, 0x77, 0x70, 0x00, 0x00, 0x00, 0x00,
	// img 79 (16x16)
	0x07, 0x77, 0x00, 0x66, 0x70, 0x00, 0x00, 0x00,
	0x76, 0x67, 0x07, 0x77, 0x77, 0x07, 0x77, 0x00,
	0x77, 0x77, 0x0f, 0xf7, 0xff, 0x07, 0x66, 0x70,
	0x77, 0x77, 0x77, 0x77, 0x77, 0x77, 0x77, 0x70,
	0x77, 0x00, 0x77, 0xee, 0xe7, 0x77, 0x77, 0x70,
	0x77, 0x70, 0x70, 0x00, 0x00, 0x70, 0x07, 0x70,
	0x77, 0x70, 0x70, 0x66, 0x60, 0x70, 0x77, 0x70,
	0x77, 0x70, 0x77, 0x77, 0x77, 0x70, 0x77, 0x70,
	0x40, 0x00, 0x77, 0x67, 0x67, 0x70, 0x77, 0x70,
	0x77, 0x00, 0x07, 0x77, 0x77, 0x00, 0x04, 0x00,
	0x77, 0x00, 0x07, 0x77, 0x77, 0x00, 0x77, 0x00,
	0x00, 0x00, 0x04, 0x47, 0x77, 0x00, 0x77, 0x00,
	0x00, 0x00, 0x77, 0x70, 0x44, 0x00, 0x00, 0x00,
	0x00, 0x06, 0x67, 0x70, 0x77, 0x70, 0x00, 0x00,
	0x00, 0x07, 0x77, 0x70, 0x77, 0x66, 0x00, 0x00,
	0x00, 0x00, 0x00, 0x00, 0x77, 0x77, 0x00, 0x00,
	// img 80 (16x16)
	0x00, 0x00, 0x00, 0x00, 0x00, 0x00, 0x00, 0x00,
	0x00, 0x02, 0x22, 0x22, 0x22, 0x22, 0x20, 0x00,
	0x00, 0x22, 0x20, 0x02, 0x20, 0x02, 0x22, 0x00,
	0x02, 0x22, 0x20, 0x00, 0x00, 0x02, 0x22, 0x20,
	0x22, 0x22, 0x22, 0x00, 0x00, 0x22, 0x22, 0x22,
	0x22, 0x22, 0x22, 0x22, 0x22, 0x22, 0x22, 0x22,
	0x22, 0x23, 0x33, 0x33, 0x33, 0x33, 0x32, 0x22,
	0x22, 0x33, 0x33, 0xf3, 0x3f, 0x33, 0x33, 0x22,
	0x22, 0x33, 0x3f, 0x33, 0x33, 0xf3, 0x33, 0x22,
	0x22, 0x33, 0x33, 0x33, 0x33, 0x33, 0x33, 0x22,
	0x22, 0x33, 0x33, 0x33, 0x33, 0x33, 0x33, 0x22,
	0x22, 0x23, 0x33, 0x33, 0x33, 0x33, 0x32, 0x22,
	0x02, 0x22, 0x33, 0x33, 0x33, 0x33, 0x22, 0x20,
	0x00, 0x22, 0x23, 0x33, 0x33, 0x32, 0x22, 0x00,
	0x00, 0x02, 0x22, 0x22, 0x22, 0x22, 0x20, 0x00,
	0x00, 0x00, 0x00, 0x00, 0x00, 0x00, 0x00, 0x00,
	// img 81 (16x16)
	0x00, 0x00, 0x22, 0x22, 0x22, 0x20, 0x00, 0x00,
	0x00, 0x02, 0x22, 0x22, 0x22, 0x22, 0x00, 0x00,
	0x00, 0x22, 0x22, 0x22, 0x20, 0x02, 0x20, 0x00,
	0x02, 0x22, 0x22, 0x22, 0x20, 0x02, 0x22, 0x00,
	0x22, 0x23, 0x33, 0x22, 0x20, 0x00, 0x22, 0x20,
	0x22, 0x33, 0x33, 0x32, 0x22, 0x00, 0x00, 0x22,
	0x22, 0x33, 0x33, 0x33, 0x22, 0x20, 0x00, 0x22,
	0x22, 0x33, 0x3f, 0xf3, 0x32, 0x22, 0x22, 0x22,
	0x22, 0x33, 0x33, 0x33, 0x33, 0x22, 0x22, 0x22,
	0x22, 0x33, 0x33, 0x33, 0xf3, 0x32, 0x22, 0x22,
	0x22, 0x33, 0x33, 0x33, 0xf3, 0x33, 0x22, 0x22,
	0x02, 0x23, 0x33, 0x33, 0x33, 0x33, 0x22, 0x22,
	0x00, 0x22, 0x33, 0x33, 0x33, 0x33, 0x22, 0x20,
	0x00, 0x02, 0x23, 0x33, 0x33, 0x32, 0x22, 0x00,
	0x00, 0x00, 0x22, 0x22, 0x22, 0x22, 0x20, 0x00,
	0x00, 0x00, 0x02, 0x22, 0x22, 0x22, 0x00, 0x00,
	// img 82 (16x16)
	0x00, 0x00, 0x22, 0x22, 0x22, 0x22, 0x00, 0x00,
	0x00, 0x02, 0x22, 0x22, 0x22, 0x22, 0x20, 0x00,
	0x00, 0x22, 0x23, 0x33, 0x32, 0x22, 0x22, 0x00,
	0x02, 0x22, 0x33, 0x33, 0x33, 0x22, 0x22, 0x20,
	0x02, 0x23, 0x33, 0x33, 0x33, 0x22, 0x22, 0x20,
	0x02, 0x33, 0x33, 0x3f, 0x33, 0x22, 0x00, 0x20,
	0x02, 0x33, 0x33, 0x33, 0xf3, 0x20, 0x00, 0x20,
	0x02, 0x33, 0x33, 0x33, 0x33, 0x20, 0x02, 0x20,
	0x02, 0x33, 0x33, 0x33, 0x33, 0x20, 0x02, 0x20,
	0x02, 0x33, 0x33, 0x33, 0xf3, 0x20, 0x00, 0x20,
	0x02, 0x33, 0x33, 0x3f, 0x33, 0x22, 0x00, 0x20,
	0x02, 0x23, 0x33, 0x33, 0x33, 0x22, 0x22, 0x20,
	0x02, 0x22, 0x33, 0x33, 0x33, 0x22, 0x22, 0x20,
	0x00, 0x22, 0x23, 0x33, 0x32, 0x22, 0x22, 0x00,
	0x00, 0x02, 0x22, 0x22, 0x22, 0x22, 0x20, 0x00,
	0x00, 0x00, 0x22, 0x22, 0x22, 0x22, 0x00, 0x00,
	// img 83 (16x16)
	0x00, 0x00, 0x02, 0x22, 0x22, 0x22, 0x00, 0x00,
	0x00, 0x00, 0x22, 0x22, 0x22, 0x22, 0x20, 0x00,
	0x00, 0x02, 0x23, 0x33, 0x33, 0x32, 0x22, 0x00,
	0x00, 0x22, 0x33, 0x33, 0x33, 0x33, 0x22, 0x20,
	0x02, 0x23, 0x33, 0x33, 0x33, 0x33, 0x22, 0x22,
	0x22, 0x33, 0x33, 0x33, 0xf3, 0x33, 0x22, 0x22,
	0x22, 0x33, 0x33, 0x33, 0xf3, 0x32, 0x22, 0x22,
	0x22, 0x33, 0x33, 0x33, 0x33, 0x22, 0x22, 0x22,
	0x22, 0x33, 0x3f, 0xf3, 0x32, 0x22, 0x22, 0x22,
	0x22, 0x33, 0x33, 0x33, 0x22, 0x20, 0x00, 0x22,
	0x22, 0x33, 0x33, 0x32, 0x22, 0x00, 0x00, 0x22,
	0x22, 0x23, 0x33, 0x22, 0x20, 0x00, 0x22, 0x20,
	0x02, 0x22, 0x22, 0x22, 0x20, 0x02, 0x22, 0x00,
	0x00, 0x22, 0x22, 0x22, 0x20, 0x02, 0x20, 0x00,
	0x00, 0x02, 0x22, 0x22, 0x22, 0x22, 0x00, 0x00,
	0x00, 0x00, 0x22, 0x22, 0x22, 0x20, 0x00, 0x00,
	// img 84 (16x16)
	0x00, 0x00, 0x00, 0x00, 0x00, 0x00, 0x00, 0x00,
	0x00, 0x02, 0x22, 0x22, 0x22, 0x22, 0x20, 0x00,
	0x00, 0x22, 0x23, 0x33, 0x33, 0x32, 0x22, 0x00,
	0x02, 0x22, 0x33, 0x33, 0x33, 0x33, 0x22, 0x20,
	0x22, 0x23, 0x33, 0x33, 0x33, 0x33, 0x32, 0x22,
	0x22, 0x33, 0x33, 0x33, 0x33, 0x33, 0x33, 0x22,
	0x22, 0x33, 0x33, 0x33, 0x33, 0x33, 0x33, 0x22,
	0x22, 0x33, 0x3f, 0x33, 0x33, 0xf3, 0x33, 0x22,
	0x22, 0x33, 0x33, 0xf3, 0x3f, 0x33, 0x33, 0x22,
	0x22, 0x23, 0x33, 0x33, 0x33, 0x33, 0x32, 0x22,
	0x22, 0x22, 0x22, 0x22, 0x22, 0x22, 0x22, 0x22,
	0x22, 0x22, 0x22, 0x00, 0x00, 0x22, 0x22, 0x22,
	0x02, 0x22, 0x20, 0x00, 0x00, 0x02, 0x22, 0x20,
	0x00, 0x22, 0x20, 0x02, 0x20, 0x02, 0x22, 0x00,
	0x00, 0x02, 0x22, 0x22, 0x22, 0x22, 0x20, 0x00,
	0x00, 0x00, 0x00, 0x00, 0x00, 0x00, 0x00, 0x00,
	// img 85 (16x16)
	0x00, 0x00, 0x22, 0x22, 0x22, 0x20, 0x00, 0x00,
	0x00, 0x02, 0x22, 0x22, 0x22, 0x22, 0x00, 0x00,
	0x00, 0x22, 0x23, 0x33, 0x33, 0x32, 0x20, 0x00,
	0x02, 0x22, 0x33, 0x33, 0x33, 0x33, 0x22, 0x00,
	0x22, 0x22, 0x33, 0x33, 0x33, 0x33, 0x32, 0x20,
	0x22, 0x22, 0x33, 0x3f, 0x33, 0x33, 0x33, 0x22,
	0x22, 0x22, 0x23, 0x3f, 0x33, 0x33, 0x33, 0x22,
	0x22, 0x22, 0x22, 0x33, 0x33, 0x33, 0x33, 0x22,
	0x22, 0x22, 0x22, 0x23, 0x3f, 0xf3, 0x33, 0x22,
	0x22, 0x00, 0x02, 0x22, 0x33, 0x33, 0x33, 0x22,
	0x22, 0x00, 0x00, 0x22, 0x23, 0x33, 0x33, 0x22,
	0x02, 0x22, 0x00, 0x02, 0x22, 0x33, 0x32, 0x22,
	0x00, 0x22, 0x20, 0x02, 0x22, 0x22, 0x22, 0x20,
	0x00, 0x02, 0x20, 0x02, 0x22, 0x22, 0x22, 0x00,
	0x00, 0x00, 0x22, 0x22, 0x22, 0x22, 0x20, 0x00,
	0x00, 0x00, 0x02, 0x22, 0x22, 0x22, 0x00, 0x00,
	// img 86 (16x16)
	0x00, 0x00, 0x22, 0x22, 0x22, 0x22, 0x00, 0x00,
	0x00, 0x02, 0x22, 0x22, 0x22, 0x22, 0x20, 0x00,
	0x00, 0x22, 0x22, 0x23, 0x33, 0x32, 0x22, 0x00,
	0x02, 0x22, 0x22, 0x33, 0x33, 0x33, 0x22, 0x20,
	0x02, 0x22, 0x22, 0x33, 0x33, 0x33, 0x32, 0x20,
	0x02, 0x00, 0x22, 0x33, 0xf3, 0x33, 0x33, 0x20,
	0x02, 0x00, 0x02, 0x3f, 0x33, 0x33, 0x33, 0x20,
	0x02, 0x20, 0x02, 0x33, 0x33, 0x33, 0x33, 0x20,
	0x02, 0x20, 0x02, 0x33, 0x33, 0x33, 0x33, 0x20,
	0x02, 0x00, 0x02, 0x3f, 0x33, 0x33, 0x33, 0x20,
	0x02, 0x00, 0x22, 0x33, 0xf3, 0x33, 0x33, 0x20,
	0x02, 0x22, 0x22, 0x33, 0x33, 0x33, 0x32, 0x20,
	0x02, 0x22, 0x22, 0x33, 0x33, 0x33, 0x22, 0x20,
	0x00, 0x22, 0x22, 0x23, 0x33, 0x32, 0x22, 0x00,
	0x00, 0x02, 0x22, 0x22, 0x22, 0x22, 0x20, 0x00,
	0x00, 0x00, 0x22, 0x22, 0x22, 0x22, 0x00, 0x00,
	// img 87 (16x16)
	0x00, 0x00, 0x02, 0x22, 0x22, 0x22, 0x00, 0x00,
	0x00, 0x00, 0x22, 0x22, 0x22, 0x22, 0x20, 0x00,
	0x00, 0x02, 0x20, 0x02, 0x22, 0x22, 0x22, 0x00,
	0x00, 0x22, 0x20, 0x02, 0x22, 0x22, 0x22, 0x20,
	0x02, 0x22, 0x00, 0x02, 0x22, 0x33, 0x32, 0x22,
	0x22, 0x00, 0x00, 0x22, 0x23, 0x33, 0x33, 0x22,
	0x22, 0x00, 0x02, 0x22, 0x33, 0x33, 0x33, 0x22,
	0x22, 0x22, 0x22, 0x23, 0x3f, 0xf3, 0x33, 0x22,
	0x22, 0x22, 0x22, 0x33, 0x33, 0x33, 0x33, 0x22,
	0x22, 0x22, 0x23, 0x3f, 0x33, 0x33, 0x33, 0x22,
	0x22, 0x22, 0x33, 0x3f, 0x33, 0x33, 0x33, 0x22,
	0x22, 0x22, 0x33, 0x33, 0x33, 0x33, 0x32, 0x20,
	0x02, 0x22, 0x33, 0x33, 0x33, 0x33, 0x22, 0x00,
	0x00, 0x22, 0x23, 0x33, 0x33, 0x32, 0x20, 0x00,
	0x00, 0x02, 0x22, 0x22, 0x22, 0x22, 0x00, 0x00,
	0x00, 0x00, 0x22, 0x22, 0x22, 0x20, 0x00, 0x00,
	// img 88 (16x16)
	0x00, 0x00, 0x00, 0x00, 0x00, 0x00, 0x00, 0x00,
	0x00, 0x00, 0xbb, 0xbb, 0x00, 0x00, 0x00, 0x00,
	0x00, 0x0b, 0xcc, 0xcc, 0xb0, 0x00, 0x00, 0x00,
	0x00, 0xbc, 0x1c, 0xc1, 0xcb, 0x00, 0x00, 0x00,
	0x00, 0xbc, 0xcc, 0xcc, 0xcb, 0x00, 0x00, 0x00,
	0x00, 0xbc, 0xcc, 0xcc, 0xcb, 0x00, 0x00, 0x00,
	0x00, 0xbc, 0xcc, 0xcc, 0xcb, 0x00, 0x00, 0x00,
	0x00, 0xbc, 0xcc, 0xcc, 0xcb, 0x00, 0x00, 0x00,
	0x00, 0xbb, 0xbb, 0xbb, 0xbb, 0x00, 0x00, 0x00,
	0x00, 0x00, 0x00, 0x00, 0x00, 0x00, 0x00, 0x00,
	0x00, 0x0f, 0xff, 0xff, 0xf0, 0x00, 0x00, 0x00,
	0x00, 0x00, 0x00, 0x00, 0x00, 0x00, 0x00, 0x00,
	0x00, 0x00, 0xff, 0xff, 0x00, 0x00, 0x00, 0x00,
	0x00, 0x00, 0x00, 0x00, 0x00, 0x00, 0x00, 0x00,
	0x00, 0x00, 0x00, 0x00, 0x00, 0x00, 0x00, 0x00,
	0x00, 0x00, 0x00, 0x00, 0x00, 0x00, 0x00, 0x00,
	// img 89 (16x16)
	0x00, 0x00, 0x00, 0x00, 0x00, 0x00, 0x00, 0x00,
	0x00, 0x00, 0x0b, 0xbb, 0xb0, 0x00, 0x00, 0x00,
	0x00, 0x00, 0xbc, 0xc1, 0xcb, 0x00, 0x00, 0x00,
	0x00, 0x0b, 0xcc, 0xcc, 0xcc, 0xb0, 0x00, 0x00,
	0x00, 0xbc, 0xcc, 0xcc, 0xc1, 0xb0, 0x00, 0x00,
	0x0b, 0xcc, 0xcc, 0xcc, 0xcc, 0xb0, 0x00, 0x00,
	0x00, 0xbc, 0xcc, 0xcc, 0xcc, 0xb0, 0x00, 0x00,
	0x0f, 0x0b, 0xcc, 0xcc, 0xcb, 0x00, 0x00, 0x00,
	0x0f, 0xf0, 0xbc, 0xcc, 0xb0, 0x00, 0x00, 0x00,
	0x00, 0xff, 0x0b, 0xcb, 0x00, 0x00, 0x00, 0x00,
	0xf0, 0x0f, 0xf0, 0xb0, 0x00, 0x00, 0x00, 0x00,
	0x0f, 0x00, 0x00, 0x00, 0x00, 0x00, 0x00, 0x00,
	0x00, 0x00, 0x00, 0x00, 0x00, 0x00, 0x00, 0x00,
	0x00, 0x00, 0x00, 0x00, 0x00, 0x00, 0x00, 0x00,
	0x00, 0x00, 0x00, 0x00, 0x00, 0x00, 0x00, 0x00,
	0x00, 0x00, 0x00, 0x00, 0x00, 0x00, 0x00, 0x00,
	// img 90 (16x16)
	0x00, 0x00, 0x00, 0x00, 0x00, 0x00, 0x00, 0x00,
	0x00, 0x00, 0x00, 0x00, 0x00, 0x00, 0x00, 0x00,
	0x00, 0x00, 0xbb, 0xbb, 0xbb, 0x00, 0x00, 0x00,
	0x00, 0xf0, 0xbc, 0xcc, 0xcc, 0xb0, 0x00, 0x00,
	0xf0, 0xf0, 0xbc, 0xcc, 0xc1, 0xcb, 0x00, 0x00,
	0xf0, 0xf0, 0xbc, 0xcc, 0xcc, 0xcb, 0x00, 0x00,
	0xf0, 0xf0, 0xbc, 0xcc, 0xcc, 0xcb, 0x00, 0x00,
	0xf0, 0xf0, 0xbc, 0xcc, 0xc1, 0xcb, 0x00, 0x00,
	0x00, 0xf0, 0xbc, 0xcc, 0xcc, 0xb0, 0x00, 0x00,
	0x00, 0x00, 0xbb, 0xbb, 0xbb, 0x00, 0x00, 0x00,
	0x00, 0x00, 0x00, 0x00, 0x00, 0x00, 0x00, 0x00,
	0x00, 0x00, 0x00, 0x00, 0x00, 0x00, 0x00, 0x00,
	0x00, 0x00, 0x00, 0x00, 0x00, 0x00, 0x00, 0x00,
	0x00, 0x00, 0x00, 0x00, 0x00, 0x00, 0x00, 0x00,
	0x00, 0x00, 0x00, 0x00, 0x00, 0x00, 0x00, 0x00,
	0x00, 0x00, 0x00, 0x00, 0x00, 0x00, 0x00, 0x00,
	// img 91 (16x16)
	0x0f, 0x00, 0x00, 0x00, 0x00, 0x00, 0x00, 0x00,
	0xf0, 0x0f, 0xf0, 0xb0, 0x00, 0x00, 0x00, 0x00,
	0x00, 0xff, 0x0b, 0xcb, 0x00, 0x00, 0x00, 0x00,
	0x0f, 0xf0, 0xbc, 0xcc, 0xb0, 0x00, 0x00, 0x00,
	0x0f, 0x0b, 0xcc, 0xcc, 0xcb, 0x00, 0x00, 0x00,
	0x00, 0xbc, 0xcc, 0xcc, 0xcc, 0xb0, 0x00, 0x00,
	0x0b, 0xcc, 0xcc, 0xcc, 0xcc, 0xb0, 0x00, 0x00,
	0x00, 0xbc, 0xcc, 0xcc, 0xc1, 0xb0, 0x00, 0x00,
	0x00, 0x0b, 0xcc, 0xcc, 0xcc, 0xb0, 0x00, 0x00,
	0x00, 0x00, 0xbc, 0xc1, 0xcb, 0x00, 0x00, 0x00,
	0x00, 0x00, 0x0b, 0xbb, 0xb0, 0x00, 0x00, 0x00,
	0x00, 0x00, 0x00, 0x00, 0x00, 0x00, 0x00, 0x00,
	0x00, 0x00, 0x00, 0x00, 0x00, 0x00, 0x00, 0x00,
	0x00, 0x00, 0x00, 0x00, 0x00, 0x00, 0x00, 0x00,
	0x00, 0x00, 0x00, 0x00, 0x00, 0x00, 0x00, 0x00,
	0x00, 0x00, 0x00, 0x00, 0x00, 0x00, 0x00, 0x00,
	// img 92 (16x16)
	0x00, 0x00, 0xff, 0xff, 0x00, 0x00, 0x00, 0x00,
	0x00, 0x00, 0x00, 0x00, 0x00, 0x00, 0x00, 0x00,
	0x00, 0x0f, 0xff, 0xff, 0xf0, 0x00, 0x00, 0x00,
	0x00, 0x00, 0x00, 0x00, 0x00, 0x00, 0x00, 0x00,
	0x00, 0xbb, 0xbb, 0xbb, 0xbb, 0x00, 0x00, 0x00,
	0x00, 0xbc, 0xcc, 0xcc, 0xcb, 0x00, 0x00, 0x00,
	0x00, 0xbc, 0xcc, 0xcc, 0xcb, 0x00, 0x00, 0x00,
	0x00, 0xbc, 0xcc, 0xcc, 0xcb, 0x00, 0x00, 0x00,
	0x00, 0xbc, 0xcc, 0xcc, 0xcb, 0x00, 0x00, 0x00,
	0x00, 0xbc, 0x1c, 0xc1, 0xcb, 0x00, 0x00, 0x00,
	0x00, 0x0b, 0xcc, 0xcc, 0xb0, 0x00, 0x00, 0x00,
	0x00, 0x00, 0xbb, 0xbb, 0x00, 0x00, 0x00, 0x00,
	0x00, 0x00, 0x00, 0x00, 0x00, 0x00, 0x00, 0x00,
	0x00, 0x00, 0x00, 0x00, 0x00, 0x00, 0x00, 0x00,
	0x00, 0x00, 0x00, 0x00, 0x00, 0x00, 0x00, 0x00,
	0x00, 0x00, 0x00, 0x00, 0x00, 0x00, 0x00, 0x00,
	// img 93 (16x16)
	0x00, 0x00, 0x00, 0x00, 0x0f, 0x00, 0x00, 0x00,
	0x00, 0x00, 0xb0, 0xff, 0x00, 0xf0, 0x00, 0x00,
	0x00, 0x0b, 0xcb, 0x0f, 0xf0, 0x00, 0x00, 0x00,
	0x00, 0xbc, 0xcc, 0xb0, 0xff, 0x00, 0x00, 0x00,
	0x0b, 0xcc, 0xcc, 0xcb, 0x0f, 0x00, 0x00, 0x00,
	0xbc, 0xcc, 0xcc, 0xcc, 0xb0, 0x00, 0x00, 0x00,
	0xbc, 0xcc, 0xcc, 0xcc, 0xcb, 0x00, 0x00, 0x00,
	0xb1, 0xcc, 0xcc, 0xcc, 0xb0, 0x00, 0x00, 0x00,
	0xbc, 0xcc, 0xcc, 0xcb, 0x00, 0x00, 0x00, 0x00,
	0x0b, 0xc1, 0xcc, 0xb0, 0x00, 0x00, 0x00, 0x00,
	0x00, 0xbb, 0xbb, 0x00, 0x00, 0x00, 0x00, 0x00,
	0x00, 0x00, 0x00, 0x00, 0x00, 0x00, 0x00, 0x00,
	0x00, 0x00, 0x00, 0x00, 0x00, 0x00, 0x00, 0x00,
	0x00, 0x00, 0x00, 0x00, 0x00, 0x00, 0x00, 0x00,
	0x00, 0x00, 0x00, 0x00, 0x00, 0x00, 0x00, 0x00,
	0x00, 0x00, 0x00, 0x00, 0x00, 0x00, 0x00, 0x00,
	// img 94 (16x16)
	0x00, 0x00, 0x00, 0x00, 0x00, 0x00, 0x00, 0x00,
	0x00, 0x00, 0x00, 0x00, 0x00, 0x00, 0x00, 0x00,
	0x00, 0xbb, 0xbb, 0xbb, 0x00, 0x00, 0x00, 0x00,
	0x0b, 0xcc, 0xcc, 0xcb, 0x0f, 0x00, 0x00, 0x00,
	0xbc, 0x1c, 0xcc, 0xcb, 0x0f, 0x0f, 0x00, 0x00,
	0xbc, 0xcc, 0xcc, 0xcb, 0x0f, 0x0f, 0x00, 0x00,
	0xbc, 0xcc, 0xcc, 0xcb, 0x0f, 0x0f, 0x00, 0x00,
	0xbc, 0x1c, 0xcc, 0xcb, 0x0f, 0x0f, 0x00, 0x00,
	0x0b, 0xcc, 0xcc, 0xcb, 0x0f, 0x00, 0x00, 0x00,
	0x00, 0xbb, 0xbb, 0xbb, 0x00, 0x00, 0x00, 0x00,
	0x00, 0x00, 0x00, 0x00, 0x00, 0x00, 0x00, 0x00,
	0x00, 0x00, 0x00, 0x00, 0x00, 0x00, 0x00, 0x00,
	0x00, 0x00, 0x00, 0x00, 0x00, 0x00, 0x00, 0x00,
	0x00, 0x00, 0x00, 0x00, 0x00, 0x00, 0x00, 0x00,
	0x00, 0x00, 0x00, 0x00, 0x00, 0x00, 0x00, 0x00,
	0x00, 0x00, 0x00, 0x00, 0x00, 0x00, 0x00, 0x00,
	// img 95 (16x16)
	0x00, 0x00, 0x00, 0x00, 0x00, 0x00, 0x00, 0x00,
	0x00, 0xbb, 0xbb, 0x00, 0x00, 0x00, 0x00, 0x00,
	0x0b, 0xc1, 0xcc, 0xb0, 0x00, 0x00, 0x00, 0x00,
	0xbc, 0xcc, 0xcc, 0xcb, 0x00, 0x00, 0x00, 0x00,
	0xb1, 0xcc, 0xcc, 0xcc, 0xb0, 0x00, 0x00, 0x00,
	0xbc, 0xcc, 0xcc, 0xcc, 0xcb, 0x00, 0x00, 0x00,
	0xbc, 0xcc, 0xcc, 0xcc, 0xb0, 0x00, 0x00, 0x00,
	0x0b, 0xcc, 0xcc, 0xcb, 0x0f, 0x00, 0x00, 0x00,
	0x00, 0xbc, 0xcc, 0xb0, 0xff, 0x00, 0x00, 0x00,
	0x00, 0x0b, 0xcb, 0x0f, 0xf0, 0x00, 0x00, 0x00,
	0x00, 0x00, 0xb0, 0xff, 0x00, 0xf0, 0x00, 0x00,
	0x00, 0x00, 0x00, 0x00, 0x0f, 0x00, 0x00, 0x00,
	0x00, 0x00, 0x00, 0x00, 0x00, 0x00, 0x00, 0x00,
	0x00, 0x00, 0x00, 0x00, 0x00, 0x00, 0x00, 0x00,
	0x00, 0x00, 0x00, 0x00, 0x00, 0x00, 0x00, 0x00,
	0x00, 0x00, 0x00, 0x00, 0x00, 0x00, 0x00, 0x00,
	// img 96 (16x16)
	0x30, 0x41, 0x10, 0x00, 0x11, 0x44, 0x44, 0x00,
	0x04, 0x40, 0x00, 0x00, 0x04, 0x44, 0x44, 0x00,
	0x04, 0x44, 0x11, 0x01, 0x14, 0xf4, 0x40, 0x00,
	0x00, 0x45, 0x40, 0x00, 0x44, 0xf4, 0x40, 0x00,
	0x00, 0x45, 0x54, 0x44, 0x54, 0x44, 0x44, 0x00,
	0x00, 0x04, 0x55, 0x45, 0x54, 0x44, 0x44, 0x40,
	0x00, 0x04, 0x55, 0x55, 0x54, 0x44, 0x44, 0x44,
	0x00, 0x04, 0x55, 0x45, 0x54, 0x44, 0x40, 0x00,
	0x00, 0x04, 0x55, 0x45, 0x54, 0x44, 0x40, 0x00,
	0x00, 0x04, 0x45, 0x55, 0x44, 0x44, 0x40, 0x00,
	0x00, 0x04, 0x54, 0x54, 0x54, 0x44, 0x40, 0x00,
	0x00, 0x00, 0x55, 0x45, 0x54, 0x44, 0x00, 0x00,
	0x00, 0x04, 0x55, 0x55, 0x54, 0x44, 0x40, 0x00,
	0x00, 0x00, 0x01, 0x00, 0x00, 0x10, 0x00, 0x00,
	0x00, 0x00, 0x01, 0x00, 0x00, 0x10, 0x00, 0x00,
	0x00, 0x00, 0x01, 0x00, 0x00, 0x10, 0x00, 0x00,
	// img 97 (16x16)
	0x00, 0x00, 0x00, 0x00, 0x44, 0x40, 0x00, 0x00,
	0x00, 0x00, 0x00, 0x04, 0x44, 0x44, 0x00, 0x00,
	0x00, 0x04, 0x44, 0x44, 0x44, 0xf4, 0x40, 0x00,
	0x00, 0x00, 0x44, 0x44, 0x4f, 0x44, 0x41, 0x00,
	0x00, 0x00, 0x04, 0x44, 0x44, 0x44, 0x00, 0x00,
	0x00, 0x00, 0x44, 0x44, 0x44, 0x44, 0x10, 0x01,
	0x00, 0x04, 0x44, 0x44, 0x44, 0x54, 0x00, 0x01,
	0x00, 0x04, 0x44, 0x44, 0x45, 0x54, 0x41, 0x44,
	0x04, 0x44, 0x44, 0x44, 0x55, 0x55, 0x55, 0x44,
	0x00, 0x44, 0x44, 0x44, 0x54, 0x55, 0x54, 0x40,
	0x01, 0x04, 0x44, 0x54, 0x55, 0x54, 0x40, 0x00,
	0x10, 0x00, 0x45, 0x54, 0x44, 0x40, 0x00, 0x00,
	0x00, 0x00, 0x05, 0x55, 0x54, 0x00, 0x00, 0x00,
	0x00, 0x00, 0x00, 0x55, 0x00, 0x00, 0x00, 0x00,
	0x00, 0x00, 0x01, 0x04, 0x00, 0x00, 0x00, 0x00,
	0x00, 0x00, 0x10, 0x00, 0x00, 0x00, 0x00, 0x00,
	// img 98 (16x16)
	0x00, 0x00, 0x00, 0x00, 0x04, 0x00, 0x00, 0x00,
	0x00, 0x00, 0x00, 0x00, 0x04, 0x40, 0x00, 0x00,
	0x00, 0x00, 0x00, 0x00, 0x04, 0x44, 0x00, 0x44,
	0x00, 0x04, 0x04, 0x44, 0x44, 0x44, 0x44, 0x44,
	0x00, 0x04, 0x44, 0x44, 0x44, 0x44, 0x44, 0x44,
	0x11, 0x14, 0x44, 0x44, 0x44, 0x44, 0xff, 0x44,
	0x00, 0x04, 0x44, 0x44, 0x44, 0x44, 0x44, 0x41,
	0x00, 0x05, 0x55, 0x45, 0x55, 0x55, 0x41, 0x01,
	0x00, 0x05, 0x54, 0x55, 0x55, 0x54, 0x01, 0x00,
	0x00, 0x05, 0x45, 0x54, 0x45, 0x44, 0x00, 0x00,
	0x11, 0x15, 0x54, 0x55, 0x55, 0x54, 0x01, 0x00,
	0x00, 0x05, 0x55, 0x45, 0x55, 0x55, 0x41, 0x01,
	0x00, 0x04, 0x04, 0x44, 0x44, 0x45, 0x54, 0x01,
	0x00, 0x00, 0x00, 0x00, 0x00, 0x04, 0x44, 0x44,
	0x00, 0x00, 0x00, 0x00, 0x00, 0x00, 0x04, 0x40,
	0x00, 0x00, 0x00, 0x00, 0x00, 0x00, 0x00, 0x00,
	// img 99 (16x16)
	0x00, 0x00, 0x10, 0x00, 0x00, 0x00, 0x00, 0x00,
	0x00, 0x00, 0x01, 0x04, 0x00, 0x00, 0x00, 0x00,
	0x00, 0x00, 0x00, 0x44, 0x00, 0x00, 0x00, 0x00,
	0x00, 0x00, 0x04, 0x44, 0x44, 0x00, 0x04, 0x00,
	0x10, 0x00, 0x44, 0x44, 0x44, 0x40, 0x44, 0x00,
	0x01, 0x05, 0x54, 0x44, 0x44, 0x44, 0x44, 0x00,
	0x00, 0x55, 0x55, 0x44, 0x44, 0x44, 0x44, 0x00,
	0x04, 0x55, 0x44, 0x44, 0x44, 0x44, 0x44, 0x40,
	0x00, 0x05, 0x45, 0x55, 0x44, 0x44, 0x44, 0x44,
	0x00, 0x04, 0x45, 0x45, 0x54, 0x44, 0xf4, 0x44,
	0x00, 0x00, 0x45, 0x55, 0x55, 0x44, 0x4f, 0x44,
	0x00, 0x00, 0x04, 0x55, 0x44, 0x44, 0x44, 0x40,
	0x00, 0x00, 0x04, 0x55, 0x40, 0x10, 0x44, 0x00,
	0x00, 0x00, 0x00, 0x45, 0x10, 0x00, 0x10, 0x00,
	0x00, 0x00, 0x00, 0x44, 0x40, 0x00, 0x00, 0x00,
	0x00, 0x00, 0x00, 0x04, 0x41, 0x10, 0x00, 0x00,
	// img 100 (16x16)
	0x00, 0x00, 0x01, 0x00, 0x00, 0x10, 0x00, 0x00,
	0x00, 0x00, 0x01, 0x00, 0x00, 0x10, 0x00, 0x00,
	0x00, 0x00, 0x01, 0x00, 0x00, 0x10, 0x00, 0x00,
	0x00, 0x04, 0x55, 0x55, 0x54, 0x44, 0x40, 0x00,
	0x00, 0x00, 0x55, 0x45, 0x54, 0x44, 0x00, 0x00,
	0x00, 0x04, 0x54, 0x54, 0x54, 0x44, 0x40, 0x00,
	0x00, 0x04, 0x45, 0x55, 0x44, 0x44, 0x40, 0x00,
	0x00, 0x04, 0x55, 0x45, 0x54, 0x44, 0x40, 0x00,
	0x00, 0x04, 0x55, 0x45, 0x54, 0x44, 0x40, 0x00,
	0x00, 0x04, 0x55, 0x55, 0x54, 0x44, 0x44, 0x44,
	0x00, 0x04, 0x55, 0x45, 0x54, 0x44, 0x44, 0x40,
	0x00, 0x45, 0x54, 0x44, 0x54, 0x44, 0x44, 0x00,
	0x00, 0x45, 0x40, 0x00, 0x44, 0xf4, 0x40, 0x00,
	0x04, 0x44, 0x11, 0x01, 0x14, 0xf4, 0x40, 0x00,
	0x04, 0x40, 0x00, 0x00, 0x04, 0x44, 0x44, 0x00,
	0x00, 0x41, 0x10, 0x00, 0x11, 0x44, 0x44, 0x00,
	// img 101 (16x16)
	0x00, 0x00, 0x00, 0x00, 0x00, 0x01, 0x00, 0x00,
	0x00, 0x00, 0x00, 0x00, 0x40, 0x10, 0x00, 0x00,
	0x00, 0x00, 0x00, 0x00, 0x44, 0x00, 0x00, 0x00,
	0x00, 0x40, 0x00, 0x44, 0x44, 0x40, 0x00, 0x00,
	0x00, 0x44, 0x04, 0x44, 0x44, 0x44, 0x00, 0x01,
	0x00, 0x44, 0x44, 0x44, 0x44, 0x45, 0x50, 0x10,
	0x00, 0x44, 0x44, 0x44, 0x44, 0x55, 0x55, 0x00,
	0x04, 0x44, 0x44, 0x44, 0x44, 0x44, 0x55, 0x40,
	0x44, 0x44, 0x44, 0x44, 0x55, 0x54, 0x50, 0x00,
	0x44, 0x4f, 0x44, 0x45, 0x54, 0x54, 0x40, 0x00,
	0x44, 0xf4, 0x44, 0x55, 0x55, 0x54, 0x00, 0x00,
	0x04, 0x44, 0x44, 0x44, 0x55, 0x40, 0x00, 0x00,
	0x00, 0x44, 0x01, 0x04, 0x55, 0x40, 0x00, 0x00,
	0x00, 0x01, 0x00, 0x01, 0x54, 0x00, 0x00, 0x00,
	0x00, 0x00, 0x00, 0x04, 0x44, 0x00, 0x00, 0x00,
	0x00, 0x00, 0x01, 0x14, 0x40, 0x00, 0x00, 0x00,
	// img 102 (16x16)
	0x00, 0x00, 0x00, 0x40, 0x00, 0x00, 0x00, 0x00,
	0x00, 0x00, 0x04, 0x40, 0x00, 0x00, 0x00, 0x00,
	0x44, 0x00, 0x44, 0x40, 0x00, 0x00, 0x00, 0x00,
	0x44, 0x44, 0x44, 0x44, 0x44, 0x40, 0x40, 0x00,
	0x44, 0x44, 0x44, 0x44, 0x44, 0x44, 0x40, 0x00,
	0x44, 0xff, 0x44, 0x44, 0x44, 0x44, 0x41, 0x11,
	0x14, 0x44, 0x44, 0x44, 0x44, 0x44, 0x40, 0x00,
	0x10, 0x14, 0x55, 0x55, 0x54, 0x55, 0x50, 0x00,
	0x00, 0x10, 0x45, 0x55, 0x55, 0x45, 0x50, 0x00,
	0x00, 0x00, 0x44, 0x54, 0x45, 0x54, 0x50, 0x00,
	0x00, 0x10, 0x45, 0x55, 0x55, 0x45, 0x51, 0x11,
	0x10, 0x14, 0x55, 0x55, 0x54, 0x55, 0x50, 0x00,
	0x10, 0x45, 0x54, 0x44, 0x44, 0x40, 0x40, 0x00,
	0x44, 0x44, 0x40, 0x00, 0x00, 0x00, 0x00, 0x00,
	0x04, 0x40, 0x00, 0x00, 0x00, 0x00, 0x00, 0x00,
	0x00, 0x00, 0x00, 0x00, 0x00, 0x00, 0x00, 0x00,
	// img 103 (16x16)
	0x00, 0x00, 0x04, 0x44, 0x00, 0x00, 0x00, 0x00,
	0x00, 0x00, 0x44, 0x44, 0x40, 0x00, 0x00, 0x00,
	0x00, 0x04, 0x4f, 0x44, 0x44, 0x44, 0x40, 0x00,
	0x00, 0x14, 0x44, 0xf4, 0x44, 0x44, 0x00, 0x00,
	0x00, 0x00, 0x44, 0x44, 0x44, 0x40, 0x00, 0x00,
	0x10, 0x01, 0x44, 0x44, 0x44, 0x44, 0x00, 0x00,
	0x10, 0x00, 0x45, 0x44, 0x44, 0x44, 0x40, 0x00,
	0x44, 0x14, 0x45, 0x54, 0x44, 0x44, 0x40, 0x00,
	0x44, 0x55, 0x55, 0x55, 0x44, 0x44, 0x44, 0x40,
	0x04, 0x45, 0x55, 0x45, 0x44, 0x44, 0x44, 0x00,
	0x00, 0x04, 0x45, 0x55, 0x45, 0x44, 0x40, 0x10,
	0x00, 0x00, 0x04, 0x44, 0x45, 0x54, 0x00, 0x01,
	0x00, 0x00, 0x00, 0x45, 0x55, 0x50, 0x00, 0x00,
	0x00, 0x00, 0x00, 0x00, 0x55, 0x00, 0x00, 0x00,
	0x00, 0x00, 0x00, 0x00, 0x40, 0x10, 0x00, 0x00,
	0x00, 0x00, 0x00, 0x00, 0x00, 0x01, 0x00, 0x00,
	// img 104 (16x16)
	0x00, 0x00, 0x00, 0x00, 0x00, 0x00, 0x00, 0x00,
	0x00, 0x00, 0x00, 0x00, 0x00, 0x00, 0x00, 0x00,
	0x00, 0x00, 0x00, 0x00, 0x00, 0x00, 0x00, 0x00,
	0x00, 0x00, 0x00, 0x00, 0x00, 0x00, 0x00, 0x00,
	0x00, 0x00, 0x00, 0x00, 0x00, 0x00, 0x00, 0x00,
	0x00, 0x00, 0x00, 0x00, 0x00, 0x00, 0x00, 0x00,
	0x00, 0x00, 0x00, 0x00, 0x00, 0x00, 0x00, 0x00,
	0x00, 0x00, 0x00, 0x00, 0x00, 0x00, 0x00, 0x00,
	0x00, 0x00, 0x00, 0x00, 0x00, 0x00, 0x00, 0x00,
	0x00, 0x00, 0x00, 0x00, 0x00, 0x00, 0x00, 0x00,
	0x00, 0x00, 0x00, 0x00, 0x00, 0x00, 0x00, 0x00,
	0x00, 0x00, 0x00, 0x00, 0x00, 0x00, 0x00, 0x00,
	0x00, 0x00, 0x00, 0x00, 0x00, 0x00, 0x00, 0x00,
	0x00, 0x00, 0x00, 0x00, 0x00, 0x00, 0x00, 0x00,
	0x00, 0x00, 0x00, 0x00, 0x00, 0x00, 0x00, 0x00,
	0x00, 0x00, 0x00, 0x00, 0x00, 0x00, 0x00, 0x00,
	// img 105 (16x16)
	0x00, 0x00, 0x00, 0x00, 0x00, 0x00, 0x00, 0x00,
	0x00, 0x00, 0x00, 0x00, 0x00, 0x00, 0x00, 0x00,
	0x00, 0x00, 0x00, 0x00, 0x00, 0x00, 0x00, 0x00,
	0x00, 0x00, 0x00, 0x00, 0x00, 0x00, 0x00, 0x00,
	0x00, 0x00, 0x00, 0x00, 0x00, 0x00, 0x00, 0x00,
	0x00, 0x00, 0x00, 0x00, 0x00, 0x00, 0x00, 0x00,
	0x00, 0x00, 0x00, 0x00, 0x00, 0x00, 0x00, 0x00,
	0x00, 0x00, 0x00, 0x00, 0x00, 0x00, 0x00, 0x00,
	0x00, 0x00, 0x00, 0x00, 0x00, 0x00, 0x00, 0x00,
	0x00, 0x00, 0x00, 0x00, 0x00, 0x00, 0x00, 0x00,
	0x00, 0x00, 0x00, 0x00, 0x00, 0x00, 0x00, 0x00,
	0x00, 0x00, 0x00, 0x00, 0x00, 0x00, 0x00, 0x00,
	0x00, 0x00, 0x00, 0x00, 0x00, 0x00, 0x00, 0x00,
	0x00, 0x00, 0x00, 0x00, 0x00, 0x00, 0x00, 0x00,
	0x00, 0x00, 0x00, 0x00, 0x00, 0x00, 0x00, 0x00,
	0x00, 0x00, 0x00, 0x00, 0x00, 0x00, 0x00, 0x00,
	// img 106 (16x16)
	0x00, 0x00, 0x00, 0x00, 0x00, 0x00, 0x00, 0x00,
	0x00, 0x00, 0x00, 0x00, 0x00, 0x00, 0x00, 0x00,
	0x00, 0x00, 0x00, 0x00, 0x00, 0x00, 0x00, 0x00,
	0x00, 0x00, 0x00, 0x00, 0x00, 0x00, 0x00, 0x00,
	0x00, 0x00, 0x00, 0x00, 0x00, 0x00, 0x00, 0x00,
	0x00, 0x00, 0x00, 0x00, 0x00, 0x00, 0x00, 0x00,
	0x00, 0x00, 0x00, 0x00, 0x00, 0x00, 0x00, 0x00,
	0x00, 0x00, 0x00, 0x00, 0x00, 0x00, 0x00, 0x00,
	0x00, 0x00, 0x00, 0x00, 0x00, 0x00, 0x00, 0x00,
	0x00, 0x00, 0x00, 0x00, 0x00, 0x00, 0x00, 0x00,
	0x00, 0x00, 0x00, 0x00, 0x00, 0x00, 0x00, 0x00,
	0x00, 0x00, 0x00, 0x00, 0x00, 0x00, 0x00, 0x00,
	0x00, 0x00, 0x00, 0x00, 0x00, 0x00, 0x00, 0x00,
	0x00, 0x00, 0x00, 0x00, 0x00, 0x00, 0x00, 0x00,
	0x00, 0x00, 0x00, 0x00, 0x00, 0x00, 0x00, 0x00,
	0x00, 0x00, 0x00, 0x00, 0x00, 0x00, 0x00, 0x00,
	// img 107 (16x16)
	0x00, 0x00, 0x00, 0x00, 0x00, 0x00, 0x00, 0x00,
	0x00, 0x00, 0x00, 0x00, 0x00, 0x00, 0x00, 0x00,
	0x00, 0x00, 0x00, 0x00, 0x00, 0x00, 0x00, 0x00,
	0x00, 0x00, 0x00, 0x00, 0x00, 0x00, 0x00, 0x00,
	0x00, 0x00, 0x00, 0x00, 0x00, 0x00, 0x00, 0x00,
	0x00, 0x00, 0x00, 0x00, 0x00, 0x00, 0x00, 0x00,
	0x00, 0x00, 0x00, 0x00, 0x00, 0x00, 0x00, 0x00,
	0x00, 0x00, 0x00, 0x00, 0x00, 0x00, 0x00, 0x00,
	0x00, 0x00, 0x00, 0x00, 0x00, 0x00, 0x00, 0x00,
	0x00, 0x00, 0x00, 0x00, 0x00, 0x00, 0x00, 0x00,
	0x00, 0x00, 0x00, 0x00, 0x00, 0x00, 0x00, 0x00,
	0x00, 0x00, 0x00, 0x00, 0x00, 0x00, 0x00, 0x00,
	0x00, 0x00, 0x00, 0x00, 0x00, 0x00, 0x00, 0x00,
	0x00, 0x00, 0x00, 0x00, 0x00, 0x00, 0x00, 0x00,
	0x00, 0x00, 0x00, 0x00, 0x00, 0x00, 0x00, 0x00,
	0x00, 0x00, 0x00, 0x00, 0x00, 0x00, 0x00, 0x00,
	// img 108 (16x16)
	0x00, 0x00, 0x00, 0x00, 0x00, 0x00, 0x00, 0x00,
	0x00, 0x00, 0x00, 0x00, 0x00, 0x00, 0x00, 0x00,
	0x00, 0x33, 0x33, 0x33, 0x33, 0x33, 0x33, 0x00,
	0x00, 0x32, 0x22, 0x22, 0x22, 0x22, 0x23, 0x00,
	0x00, 0x32, 0x33, 0x33, 0x33, 0x33, 0x23, 0x00,
	0x00, 0x32, 0x30, 0x00, 0x00, 0x03, 0x23, 0x00,
	0x00, 0x32, 0x30, 0x00, 0x00, 0x03, 0x23, 0x00,
	0x00, 0x32, 0x30, 0x00, 0x00, 0x03, 0x23, 0x00,
	0x00, 0x32, 0x30, 0x00, 0x00, 0x03, 0x23, 0x00,
	0x00, 0x32, 0x30, 0x00, 0x00, 0x03, 0x23, 0x00,
	0x00, 0x32, 0x30, 0x00, 0x00, 0x03, 0x23, 0x00,
	0x00, 0x32, 0x33, 0x33, 0x33, 0x33, 0x23, 0x00,
	0x00, 0x32, 0x22, 0x22, 0x22, 0x22, 0x23, 0x00,
	0x00, 0x33, 0x33, 0x33, 0x33, 0x33, 0x33, 0x00,
	0x00, 0x00, 0x00, 0x00, 0x00, 0x00, 0x00, 0x00,
	0x00, 0x00, 0x00, 0x00, 0x00, 0x00, 0x00, 0x00,
	// img 109 (16x16)
	0x00, 0x00, 0x00, 0x00, 0x00, 0x00, 0x00, 0x00,
	0x00, 0x00, 0x00, 0x00, 0x00, 0x00, 0x00, 0x00,
	0x00, 0x00, 0x00, 0x00, 0x00, 0x00, 0x00, 0x00,
	0x00, 0x03, 0x33, 0x33, 0x33, 0x33, 0x30, 0x00,
	0x00, 0x03, 0x44, 0x44, 0x44, 0x44, 0x30, 0x00,
	0x00, 0x03, 0x43, 0x33, 0x33, 0x34, 0x30, 0x00,
	0x00, 0x03, 0x43, 0x00, 0x00, 0x34, 0x30, 0x00,
	0x00, 0x03, 0x43, 0x00, 0x00, 0x34, 0x30, 0x00,
	0x00, 0x03, 0x43, 0x00, 0x00, 0x34, 0x30, 0x00,
	0x00, 0x03, 0x43, 0x00, 0x00, 0x34, 0x30, 0x00,
	0x00, 0x03, 0x43, 0x33, 0x33, 0x34, 0x30, 0x00,
	0x00, 0x03, 0x44, 0x44, 0x44, 0x44, 0x30, 0x00,
	0x00, 0x03, 0x33, 0x33, 0x33, 0x33, 0x30, 0x00,
	0x00, 0x00, 0x00, 0x00, 0x00, 0x00, 0x00, 0x00,
	0x00, 0x00, 0x00, 0x00, 0x00, 0x00, 0x00, 0x00,
	0x00, 0x00, 0x00, 0x00, 0x00, 0x00, 0x00, 0x00,
	// img 110 (16x16)
	0x00, 0x00, 0x00, 0x00, 0x00, 0x00, 0x00, 0x00,
	0x00, 0x00, 0x00, 0x00, 0x00, 0x00, 0x00, 0x00,
	0x00, 0x00, 0x00, 0x00, 0x00, 0x00, 0x00, 0x00,
	0x00, 0x00, 0x00, 0x00, 0x00, 0x00, 0x00, 0x00,
	0x00, 0x00, 0x33, 0x33, 0x33, 0x33, 0x00, 0x00,
	0x00, 0x00, 0x35, 0x55, 0x55, 0x53, 0x00, 0x00,
	0x00, 0x00, 0x35, 0x33, 0x33, 0x53, 0x00, 0x00,
	0x00, 0x00, 0x35, 0x30, 0x03, 0x53, 0x00, 0x00,
	0x00, 0x00, 0x35, 0x30, 0x03, 0x53, 0x00, 0x00,
	0x00, 0x00, 0x35, 0x33, 0x33, 0x53, 0x00, 0x00,
	0x00, 0x00, 0x35, 0x55, 0x55, 0x53, 0x00, 0x00,
	0x00, 0x00, 0x33, 0x33, 0x33, 0x33, 0x00, 0x00,
	0x00, 0x00, 0x00, 0x00, 0x00, 0x00, 0x00, 0x00,
	0x00, 0x00, 0x00, 0x00, 0x00, 0x00, 0x00, 0x00,
	0x00, 0x00, 0x00, 0x00, 0x00, 0x00, 0x00, 0x00,
	0x00, 0x00, 0x00, 0x00, 0x00, 0x00, 0x00, 0x00,
	// img 111 (16x16)
	0x00, 0x00, 0x00, 0x00, 0x00, 0x00, 0x00, 0x00,
	0x00, 0x00, 0x00, 0x00, 0x00, 0x00, 0x00, 0x00,
	0x00, 0x00, 0x00, 0x00, 0x00, 0x00, 0x00, 0x00,
	0x00, 0x00, 0x00, 0x00, 0x00, 0x00, 0x00, 0x00,
	0x00, 0x00, 0x00, 0x00, 0x00, 0x00, 0x00, 0x00,
	0x00, 0x00, 0x02, 0x22, 0x22, 0x20, 0x00, 0x00,
	0x00, 0x00, 0x02, 0x11, 0x11, 0x20, 0x00, 0x00,
	0x00, 0x00, 0x02, 0x12, 0x21, 0x20, 0x00, 0x00,
	0x00, 0x00, 0x02, 0x12, 0x21, 0x20, 0x00, 0x00,
	0x00, 0x00, 0x02, 0x11, 0x11, 0x20, 0x00, 0x00,
	0x00, 0x00, 0x02, 0x22, 0x22, 0x20, 0x00, 0x00,
	0x00, 0x00, 0x00, 0x00, 0x00, 0x00, 0x00, 0x00,
	0x00, 0x00, 0x00, 0x00, 0x00, 0x00, 0x00, 0x00,
	0x00, 0x00, 0x00, 0x00, 0x00, 0x00, 0x00, 0x00,
	0x00, 0x00, 0x00, 0x00, 0x00, 0x00, 0x00, 0x00,
	0x00, 0x00, 0x00, 0x00, 0x00, 0x00, 0x00, 0x00,
	// img 112 (16x16)
	0x00, 0x04, 0x55, 0x55, 0x54, 0x44, 0x40, 0x00,
	0x00, 0x04, 0x55, 0x45, 0x54, 0x44, 0x40, 0x00,
	0x00, 0x04, 0x55, 0x45, 0x54, 0xf4, 0x40, 0x00,
	0x00, 0x04, 0x45, 0x55, 0x44, 0xf4, 0x40, 0x00,
	0x00, 0x04, 0x54, 0x54, 0x54, 0x44, 0x44, 0x00,
	0x00, 0x04, 0x55, 0x45, 0x54, 0x44, 0x44, 0x40,
	0x00, 0x04, 0x55, 0x55, 0x54, 0x44, 0x44, 0x44,
	0x00, 0x04, 0x55, 0x45, 0x54, 0x44, 0x40, 0x00,
	0x00, 0x04, 0x55, 0x45, 0x54, 0x44, 0x40, 0x00,
	0x00, 0x04, 0x45, 0x55, 0x44, 0x44, 0x40, 0x00,
	0x00, 0x04, 0x54, 0x54, 0x54, 0x44, 0x40, 0x00,
	0x00, 0x00, 0x55, 0x45, 0x54, 0x44, 0x00, 0x00,
	0x00, 0x04, 0x55, 0x55, 0x54, 0x44, 0x40, 0x00,
	0x00, 0x00, 0x01, 0x00, 0x00, 0x10, 0x00, 0x00,
	0x00, 0x00, 0x01, 0x00, 0x00, 0x10, 0x00, 0x00,
	0x00, 0x00, 0x01, 0x00, 0x00, 0x10, 0x00, 0x00,
	// img 113 (16x16)
	0x00, 0x00, 0x00, 0x00, 0x04, 0x40, 0x00, 0x00,
	0x00, 0x00, 0x00, 0x00, 0x44, 0x44, 0x00, 0x00,
	0x00, 0x04, 0x44, 0x44, 0x44, 0xf4, 0x40, 0x00,
	0x00, 0x00, 0x44, 0x44, 0x4f, 0x44, 0x45, 0x00,
	0x00, 0x00, 0x04, 0x44, 0x44, 0x44, 0x55, 0x50,
	0x00, 0x00, 0x44, 0x44, 0x44, 0x44, 0x54, 0x55,
	0x00, 0x04, 0x44, 0x44, 0x44, 0x54, 0x55, 0x54,
	0x00, 0x04, 0x44, 0x44, 0x45, 0x54, 0x44, 0x40,
	0x04, 0x44, 0x44, 0x44, 0x55, 0x55, 0x54, 0x00,
	0x00, 0x44, 0x44, 0x44, 0x54, 0x55, 0x40, 0x00,
	0x01, 0x04, 0x44, 0x54, 0x55, 0x54, 0x00, 0x00,
	0x10, 0x00, 0x45, 0x54, 0x44, 0x40, 0x00, 0x00,
	0x00, 0x00, 0x05, 0x55, 0x54, 0x00, 0x00, 0x00,
	0x00, 0x00, 0x00, 0x55, 0x00, 0x00, 0x00, 0x00,
	0x00, 0x00, 0x01, 0x04, 0x00, 0x00, 0x00, 0x00,
	0x00, 0x00, 0x10, 0x00, 0x00, 0x00, 0x00, 0x00,
	// img 114 (16x16)
	0x00, 0x00, 0x00, 0x00, 0x04, 0x00, 0x00, 0x00,
	0x00, 0x00, 0x00, 0x00, 0x04, 0x40, 0x00, 0x00,
	0x00, 0x00, 0x00, 0x00, 0x04, 0x44, 0x00, 0x00,
	0x00, 0x04, 0x04, 0x44, 0x44, 0x44, 0x44, 0x44,
	0x00, 0x04, 0x44, 0x44, 0x44, 0x44, 0x44, 0x44,
	0x11, 0x14, 0x44, 0x44, 0x44, 0x44, 0xff, 0x44,
	0x00, 0x04, 0x44, 0x44, 0x44, 0x44, 0x44, 0x44,
	0x00, 0x05, 0x55, 0x45, 0x55, 0x55, 0x45, 0x55,
	0x00, 0x05, 0x54, 0x55, 0x55, 0x54, 0x55, 0x55,
	0x00, 0x05, 0x45, 0x54, 0x45, 0x45, 0x54, 0x45,
	0x11, 0x15, 0x54, 0x55, 0x55, 0x54, 0x55, 0x55,
	0x00, 0x05, 0x55, 0x45, 0x55, 0x55, 0x45, 0x55,
	0x00, 0x04, 0x04, 0x44, 0x44, 0x44, 0x44, 0x44,
	0x00, 0x00, 0x00, 0x00, 0x00, 0x00, 0x00, 0x00,
	0x00, 0x00, 0x00, 0x00, 0x00, 0x00, 0x00, 0x00,
	0x00, 0x00, 0x00, 0x00, 0x00, 0x00, 0x00, 0x00,
	// img 115 (16x16)
	0x00, 0x00, 0x10, 0x00, 0x00, 0x00, 0x00, 0x00,
	0x00, 0x00, 0x01, 0x04, 0x00, 0x00, 0x00, 0x00,
	0x00, 0x00, 0x00, 0x44, 0x00, 0x00, 0x00, 0x00,
	0x00, 0x00, 0x04, 0x44, 0x44, 0x00, 0x04, 0x00,
	0x10, 0x00, 0x44, 0x44, 0x44, 0x40, 0x44, 0x00,
	0x01, 0x05, 0x54, 0x44, 0x44, 0x44, 0x44, 0x00,
	0x00, 0x55, 0x55, 0x44, 0x44, 0x44, 0x44, 0x00,
	0x04, 0x55, 0x44, 0x44, 0x44, 0x44, 0x44, 0x00,
	0x00, 0x05, 0x45, 0x55, 0x44, 0x44, 0x44, 0x40,
	0x00, 0x04, 0x45, 0x45, 0x54, 0x44, 0xf4, 0x44,
	0x00, 0x00, 0x45, 0x55, 0x55, 0x44, 0x4f, 0x44,
	0x00, 0x00, 0x04, 0x55, 0x44, 0x44, 0x44, 0x40,
	0x00, 0x00, 0x00, 0x45, 0x45, 0x55, 0x44, 0x00,
	0x00, 0x00, 0x00, 0x04, 0x45, 0x45, 0x50, 0x00,
	0x00, 0x00, 0x00, 0x00, 0x45, 0x55, 0x00, 0x00,
	0x00, 0x00, 0x00, 0x00, 0x04, 0x50, 0x00, 0x00,
	// img 116 (16x16)
	0x00, 0x00, 0x01, 0x00, 0x00, 0x10, 0x00, 0x00,
	0x00, 0x00, 0x01, 0x00, 0x00, 0x10, 0x00, 0x00,
	0x00, 0x00, 0x01, 0x00, 0x00, 0x10, 0x00, 0x00,
	0x00, 0x04, 0x55, 0x55, 0x54, 0x44, 0x40, 0x00,
	0x00, 0x00, 0x55, 0x45, 0x54, 0x44, 0x00, 0x00,
	0x00, 0x04, 0x54, 0x54, 0x54, 0x44, 0x40, 0x00,
	0x00, 0x04, 0x45, 0x55, 0x44, 0x44, 0x40, 0x00,
	0x00, 0x04, 0x55, 0x45, 0x54, 0x44, 0x40, 0x00,
	0x00, 0x04, 0x55, 0x45, 0x54, 0x44, 0x40, 0x00,
	0x00, 0x04, 0x55, 0x55, 0x54, 0x44, 0x44, 0x44,
	0x00, 0x04, 0x55, 0x45, 0x54, 0x44, 0x44, 0x40,
	0x00, 0x04, 0x54, 0x54, 0x54, 0x44, 0x44, 0x00,
	0x00, 0x04, 0x45, 0x55, 0x44, 0xf4, 0x40, 0x00,
	0x00, 0x04, 0x55, 0x45, 0x54, 0xf4, 0x40, 0x00,
	0x00, 0x04, 0x55, 0x45, 0x54, 0x44, 0x40, 0x00,
	0x00, 0x04, 0x55, 0x55, 0x54, 0x44, 0x40, 0x00,
	// img 117 (16x16)
	0x00, 0x00, 0x00, 0x00, 0x00, 0x01, 0x00, 0x00,
	0x00, 0x00, 0x00, 0x00, 0x40, 0x10, 0x00, 0x00,
	0x00, 0x00, 0x00, 0x00, 0x44, 0x00, 0x00, 0x00,
	0x00, 0x40, 0x00, 0x44, 0x44, 0x40, 0x00, 0x00,
	0x00, 0x44, 0x04, 0x44, 0x44, 0x44, 0x00, 0x01,
	0x00, 0x44, 0x44, 0x44, 0x44, 0x45, 0x50, 0x10,
	0x00, 0x44, 0x44, 0x44, 0x44, 0x55, 0x55, 0x00,
	0x00, 0x44, 0x44, 0x44, 0x44, 0x44, 0x55, 0x40,
	0x04, 0x44, 0x44, 0x44, 0x55, 0x54, 0x50, 0x00,
	0x44, 0x4f, 0x44, 0x45, 0x54, 0x54, 0x40, 0x00,
	0x44, 0xf4, 0x44, 0x55, 0x55, 0x54, 0x00, 0x00,
	0x04, 0x44, 0x44, 0x44, 0x55, 0x40, 0x00, 0x00,
	0x00, 0x44, 0x55, 0x54, 0x54, 0x00, 0x00, 0x00,
	0x00, 0x05, 0x54, 0x54, 0x40, 0x00, 0x00, 0x00,
	0x00, 0x00, 0x55, 0x54, 0x00, 0x00, 0x00, 0x00,
	0x00, 0x00, 0x05, 0x40, 0x00, 0x00, 0x00, 0x00,
	// img 118 (16x16)
	0x00, 0x00, 0x00, 0x40, 0x00, 0x00, 0x00, 0x00,
	0x00, 0x00, 0x04, 0x40, 0x00, 0x00, 0x00, 0x00,
	0x00, 0x00, 0x44, 0x40, 0x00, 0x00, 0x00, 0x00,
	0x44, 0x44, 0x44, 0x44, 0x44, 0x40, 0x40, 0x00,
	0x44, 0x44, 0x44, 0x44, 0x44, 0x44, 0x40, 0x00,
	0x44, 0xff, 0x44, 0x44, 0x44, 0x44, 0x41, 0x11,
	0x44, 0x44, 0x44, 0x44, 0x44, 0x44, 0x40, 0x00,
	0x55, 0x54, 0x55, 0x55, 0x54, 0x55, 0x50, 0x00,
	0x55, 0x55, 0x45, 0x55, 0x55, 0x45, 0x50, 0x00,
	0x54, 0x45, 0x54, 0x54, 0x45, 0x54, 0x50, 0x00,
	0x55, 0x55, 0x45, 0x55, 0x55, 0x45, 0x51, 0x11,
	0x55, 0x54, 0x55, 0x55, 0x54, 0x55, 0x50, 0x00,
	0x44, 0x44, 0x44, 0x44, 0x44, 0x40, 0x40, 0x00,
	0x00, 0x00, 0x00, 0x00, 0x00, 0x00, 0x00, 0x00,
	0x00, 0x00, 0x00, 0x00, 0x00, 0x00, 0x00, 0x00,
	0x00, 0x00, 0x00, 0x00, 0x00, 0x00, 0x00, 0x00,
	// img 119 (16x16)
	0x00, 0x00, 0x04, 0x40, 0x00, 0x00, 0x00, 0x00,
	0x00, 0x00, 0x44, 0x44, 0x00, 0x00, 0x00, 0x00,
	0x00, 0x04, 0x4f, 0x44, 0x44, 0x44, 0x40, 0x00,
	0x00, 0x54, 0x44, 0xf4, 0x44, 0x44, 0x00, 0x00,
	0x05, 0x55, 0x44, 0x44, 0x44, 0x40, 0x00, 0x00,
	0x55, 0x45, 0x44, 0x44, 0x44, 0x44, 0x00, 0x00,
	0x45, 0x55, 0x45, 0x44, 0x44, 0x44, 0x40, 0x00,
	0x04, 0x44, 0x45, 0x54, 0x44, 0x44, 0x40, 0x00,
	0x00, 0x45, 0x55, 0x55, 0x44, 0x44, 0x44, 0x40,
	0x00, 0x04, 0x55, 0x45, 0x44, 0x44, 0x44, 0x00,
	0x00, 0x00, 0x45, 0x55, 0x45, 0x44, 0x40, 0x10,
	0x00, 0x00, 0x04, 0x44, 0x45, 0x54, 0x00, 0x01,
	0x00, 0x00, 0x00, 0x45, 0x55, 0x50, 0x00, 0x00,
	0x00, 0x00, 0x00, 0x00, 0x55, 0x00, 0x00, 0x00,
	0x00, 0x00, 0x00, 0x00, 0x40, 0x10, 0x00, 0x00,
	0x00, 0x00, 0x00, 0x00, 0x00, 0x01, 0x00, 0x00,
	// img 120 (16x16)
	0x00, 0x00, 0x00, 0x00, 0x00, 0x00, 0x00, 0x00,
	0x00, 0x00, 0x00, 0x00, 0x00, 0x00, 0x00, 0x00,
	0x00, 0x00, 0x00, 0x00, 0x00, 0x00, 0x00, 0x00,
	0x00, 0x00, 0x00, 0x00, 0x00, 0x00, 0x00, 0x00,
	0x00, 0x00, 0x00, 0x00, 0x00, 0x00, 0x00, 0x00,
	0x00, 0x00, 0x00, 0x00, 0x00, 0x00, 0x00, 0x00,
	0x00, 0x00, 0x00, 0x00, 0x00, 0x00, 0x00, 0x00,
	0x00, 0x00, 0x00, 0x00, 0x00, 0x00, 0x00, 0x00,
	0x00, 0x00, 0x00, 0x00, 0x00, 0x00, 0x00, 0x00,
	0x00, 0x00, 0x00, 0x00, 0x00, 0x00, 0x00, 0x00,
	0x00, 0x00, 0x00, 0x00, 0x00, 0x00, 0x00, 0x00,
	0x00, 0x00, 0x00, 0x00, 0x00, 0x00, 0x00, 0x00,
	0x00, 0x00, 0x00, 0x00, 0x00, 0x00, 0x00, 0x00,
	0x00, 0x00, 0x00, 0x00, 0x00, 0x00, 0x00, 0x00,
	0x00, 0x00, 0x00, 0x00, 0x00, 0x00, 0x00, 0x00,
	0x00, 0x00, 0x00, 0x00, 0x00, 0x00, 0x00, 0x00,
	// img 121 (16x16)
	0x00, 0x00, 0x00, 0x00, 0x00, 0x00, 0x00, 0x00,
	0x00, 0x00, 0x00, 0x00, 0x00, 0x00, 0x00, 0x00,
	0x00, 0x00, 0x00, 0x00, 0x00, 0x00, 0x00, 0x00,
	0x00, 0x00, 0x00, 0x00, 0x00, 0x00, 0x00, 0x00,
	0x00, 0x00, 0x00, 0x00, 0x00, 0x00, 0x00, 0x00,
	0x00, 0x00, 0x00, 0x00, 0x00, 0x00, 0x00, 0x00,
	0x00, 0x00, 0x00, 0x00, 0x00, 0x00, 0x00, 0x00,
	0x00, 0x00, 0x00, 0x00, 0x00, 0x00, 0x00, 0x00,
	0x00, 0x00, 0x00, 0x00, 0x00, 0x00, 0x00, 0x00,
	0x00, 0x00, 0x00, 0x00, 0x00, 0x00, 0x00, 0x00,
	0x00, 0x00, 0x00, 0x00, 0x00, 0x00, 0x00, 0x00,
	0x00, 0x00, 0x00, 0x00, 0x00, 0x00, 0x00, 0x00,
	0x00, 0x00, 0x00, 0x00, 0x00, 0x00, 0x00, 0x00,
	0x00, 0x00, 0x00, 0x00, 0x00, 0x00, 0x00, 0x00,
	0x00, 0x00, 0x00, 0x00, 0x00, 0x00, 0x00, 0x00,
	0x00, 0x00, 0x00, 0x00, 0x00, 0x00, 0x00, 0x00,
	// img 122 (16x16)
	0x00, 0x00, 0x00, 0x00, 0x00, 0x00, 0x00, 0x00,
	0x00, 0x00, 0x00, 0x00, 0x00, 0x00, 0x00, 0x00,
	0x00, 0x00, 0x00, 0x00, 0x00, 0x00, 0x00, 0x00,
	0x00, 0x00, 0x00, 0x00, 0x00, 0x00, 0x00, 0x00,
	0x00, 0x00, 0x00, 0x00, 0x00, 0x00, 0x00, 0x00,
	0x00, 0x00, 0x00, 0x00, 0x00, 0x00, 0x00, 0x00,
	0x00, 0x00, 0x00, 0x00, 0x00, 0x00, 0x00, 0x00,
	0x00, 0x00, 0x00, 0x00, 0x00, 0x00, 0x00, 0x00,
	0x00, 0x00, 0x00, 0x00, 0x00, 0x00, 0x00, 0x00,
	0x00, 0x00, 0x00, 0x00, 0x00, 0x00, 0x00, 0x00,
	0x00, 0x00, 0x00, 0x00, 0x00, 0x00, 0x00, 0x00,
	0x00, 0x00, 0x00, 0x00, 0x00, 0x00, 0x00, 0x00,
	0x00, 0x00, 0x00, 0x00, 0x00, 0x00, 0x00, 0x00,
	0x00, 0x00, 0x00, 0x00, 0x00, 0x00, 0x00, 0x00,
	0x00, 0x00, 0x00, 0x00, 0x00, 0x00, 0x00, 0x00,
	0x00, 0x00, 0x00, 0x00, 0x00, 0x00, 0x00, 0x00,
	// img 123 (16x16)
	0x00, 0x00, 0x00, 0x00, 0x00, 0x00, 0x00, 0x00,
	0x00, 0x00, 0x00, 0x00, 0x00, 0x00, 0x00, 0x00,
	0x00, 0x00, 0x00, 0x00, 0x00, 0x00, 0x00, 0x00,
	0x00, 0x00, 0x00, 0x00, 0x00, 0x00, 0x00, 0x00,
	0x00, 0x00, 0x00, 0x00, 0x00, 0x00, 0x00, 0x00,
	0x00, 0x00, 0x00, 0x00, 0x00, 0x00, 0x00, 0x00,
	0x00, 0x00, 0x00, 0x00, 0x00, 0x00, 0x00, 0x00,
	0x00, 0x00, 0x00, 0x00, 0x00, 0x00, 0x00, 0x00,
	0x00, 0x00, 0x00, 0x00, 0x00, 0x00, 0x00, 0x00,
	0x00, 0x00, 0x00, 0x00, 0x00, 0x00, 0x00, 0x00,
	0x00, 0x00, 0x00, 0x00, 0x00, 0x00, 0x00, 0x00,
	0x00, 0x00, 0x00, 0x00, 0x00, 0x00, 0x00, 0x00,
	0x00, 0x00, 0x00, 0x00, 0x00, 0x00, 0x00, 0x00,
	0x00, 0x00, 0x00, 0x00, 0x00, 0x00, 0x00, 0x00,
	0x00, 0x00, 0x00, 0x00, 0x00, 0x00, 0x00, 0x00,
	0x00, 0x00, 0x00, 0x00, 0x00, 0x00, 0x00, 0x00,
	// img 124 (16x16)
	0x00, 0x00, 0x00, 0x00, 0x00, 0x00, 0x00, 0x00,
	0x00, 0x00, 0x00, 0x00, 0x00, 0x00, 0x00, 0x00,
	0x00, 0x00, 0x00, 0x00, 0x00, 0x00, 0x00, 0x00,
	0x00, 0x00, 0x00, 0x00, 0x00, 0x00, 0x00, 0x00,
	0x00, 0x00, 0x00, 0x00, 0x00, 0x00, 0x00, 0x00,
	0x00, 0x00, 0x00, 0x00, 0x00, 0x00, 0x00, 0x00,
	0x00, 0x00, 0x00, 0x00, 0x00, 0x00, 0x00, 0x00,
	0x00, 0x00, 0x00, 0x00, 0x00, 0x00, 0x00, 0x00,
	0x00, 0x00, 0x00, 0x00, 0x00, 0x00, 0x00, 0x00,
	0x00, 0x00, 0x00, 0x00, 0x00, 0x00, 0x00, 0x00,
	0x00, 0x00, 0x00, 0x00, 0x00, 0x00, 0x00, 0x00,
	0x00, 0x00, 0x00, 0x00, 0x00, 0x00, 0x00, 0x00,
	0x00, 0x00, 0x00, 0x00, 0x00, 0x00, 0x00, 0x00,
	0x00, 0x00, 0x00, 0x00, 0x00, 0x00, 0x00, 0x00,
	0x00, 0x00, 0x00, 0x00, 0x00, 0x00, 0x00, 0x00,
	0x00, 0x00, 0x00, 0x00, 0x00, 0x00, 0x00, 0x00,
	// img 125 (16x16)
	0x00, 0x00, 0x00, 0x00, 0x00, 0x00, 0x00, 0x00,
	0x00, 0x00, 0x00, 0x00, 0x00, 0x00, 0x00, 0x00,
	0x00, 0x00, 0x00, 0x00, 0x00, 0x00, 0x00, 0x00,
	0x00, 0x00, 0x00, 0x00, 0x00, 0x00, 0x00, 0x00,
	0x00, 0x00, 0x00, 0x00, 0x00, 0x00, 0x00, 0x00,
	0x00, 0x00, 0x00, 0x00, 0x00, 0x00, 0x00, 0x00,
	0x00, 0x00, 0x00, 0x00, 0x00, 0x00, 0x00, 0x00,
	0x00, 0x00, 0x00, 0x00, 0x00, 0x00, 0x00, 0x00,
	0x00, 0x00, 0x00, 0x00, 0x00, 0x00, 0x00, 0x00,
	0x00, 0x00, 0x00, 0x00, 0x00, 0x00, 0x00, 0x00,
	0x00, 0x00, 0x00, 0x00, 0x00, 0x00, 0x00, 0x00,
	0x00, 0x00, 0x00, 0x00, 0x00, 0x00, 0x00, 0x00,
	0x00, 0x00, 0x00, 0x00, 0x00, 0x00, 0x00, 0x00,
	0x00, 0x00, 0x00, 0x00, 0x00, 0x00, 0x00, 0x00,
	0x00, 0x00, 0x00, 0x00, 0x00, 0x00, 0x00, 0x00,
	0x00, 0x00, 0x00, 0x00, 0x00, 0x00, 0x00, 0x00,
	// img 126 (16x16)
	0x00, 0x00, 0x00, 0x00, 0x00, 0x00, 0x00, 0x00,
	0x00, 0x00, 0x00, 0x00, 0x00, 0x00, 0x00, 0x00,
	0x00, 0x00, 0x00, 0x00, 0x00, 0x00, 0x00, 0x00,
	0x00, 0x00, 0x00, 0x00, 0x00, 0x00, 0x00, 0x00,
	0x00, 0x00, 0x00, 0x00, 0x00, 0x00, 0x00, 0x00,
	0x00, 0x00, 0x00, 0x00, 0x00, 0x00, 0x00, 0x00,
	0x00, 0x00, 0x00, 0x00, 0x00, 0x00, 0x00, 0x00,
	0x00, 0x00, 0x00, 0x00, 0x00, 0x00, 0x00, 0x00,
	0x00, 0x00, 0x00, 0x00, 0x00, 0x00, 0x00, 0x00,
	0x00, 0x00, 0x00, 0x00, 0x00, 0x00, 0x00, 0x00,
	0x00, 0x00, 0x00, 0x00, 0x00, 0x00, 0x00, 0x00,
	0x00, 0x00, 0x00, 0x00, 0x00, 0x00, 0x00, 0x00,
	0x00, 0x00, 0x00, 0x00, 0x00, 0x00, 0x00, 0x00,
	0x00, 0x00, 0x00, 0x00, 0x00, 0x00, 0x00, 0x00,
	0x00, 0x00, 0x00, 0x00, 0x00, 0x00, 0x00, 0x00,
	0x00, 0x00, 0x00, 0x00, 0x00, 0x00, 0x00, 0x00,
	// img 127 (16x16)
	0x00, 0x00, 0x00, 0x00, 0x00, 0x00, 0x00, 0x00,
	0x00, 0x00, 0x00, 0x00, 0x00, 0x00, 0x00, 0x00,
	0x00, 0x00, 0x00, 0x00, 0x00, 0x00, 0x00, 0x00,
	0x00, 0x00, 0x00, 0x00, 0x00, 0x00, 0x00, 0x00,
	0x00, 0x00, 0x00, 0x00, 0x00, 0x00, 0x00, 0x00,
	0x00, 0x00, 0x00, 0x00, 0x00, 0x00, 0x00, 0x00,
	0x00, 0x00, 0x00, 0x00, 0x00, 0x00, 0x00, 0x00,
	0x00, 0x00, 0x00, 0x00, 0x00, 0x00, 0x00, 0x00,
	0x00, 0x00, 0x00, 0x00, 0x00, 0x00, 0x00, 0x00,
	0x00, 0x00, 0x00, 0x00, 0x00, 0x00, 0x00, 0x00,
	0x00, 0x00, 0x00, 0x00, 0x00, 0x00, 0x00, 0x00,
	0x00, 0x00, 0x00, 0x00, 0x00, 0x00, 0x00, 0x00,
	0x00, 0x00, 0x00, 0x00, 0x00, 0x00, 0x00, 0x00,
	0x00, 0x00, 0x00, 0x00, 0x00, 0x00, 0x00, 0x00,
	0x00, 0x00, 0x00, 0x00, 0x00, 0x00, 0x00, 0x00,
	0x00, 0x00, 0x00, 0x00, 0x00, 0x00, 0x00, 0x00,
};
const unsigned int export_spr16_bin_len = 16384;
